date,total_beds,available_beds,occupied_beds,icu_beds,available_icu_beds,occupied_icu_beds,total_ventilators,available_ventilators,used_ventilators,total_oxygen_cylinders,available_oxygen_cylinders,used_oxygen_cylinders,total_doctors,available_doctors,total_nurses,available_nurses,total_icu_nurses,available_icu_nurses,staff_reduction_factor
2022-09-22,150,64,86,25,15,10,15,9,6,50,39,11,12,11,35,32,8,7,0.925
2022-09-23,150,78,72,25,18,7,15,11,4,50,42,8,12,11,35,32,8,7,0.925
2022-09-24,150,68,82,25,15,10,15,9,6,50,38,12,12,11,35,32,8,7,0.925
2022-09-25,150,53,97,25,15,10,15,9,6,50,39,11,12,11,35,32,8,7,0.925
2022-09-26,150,61,89,25,16,9,15,10,5,50,39,11,12,11,35,32,8,7,0.925
2022-09-27,150,57,93,25,15,10,15,9,6,50,40,10,12,11,35,32,8,7,0.925
2022-09-28,150,32,118,25,12,13,15,8,7,50,36,14,12,11,35,32,8,7,0.925
2022-09-29,150,63,87,25,16,9,15,10,5,50,39,11,12,11,35,32,8,7,0.925
2022-09-30,150,24,126,25,12,13,15,8,7,50,36,14,12,11,35,32,8,7,0.925
2022-10-01,150,74,76,25,17,8,15,11,4,50,41,9,12,11,35,32,8,7,0.925
2022-10-02,150,57,93,25,15,10,15,9,6,50,38,12,12,11,35,32,8,7,0.925
2022-10-03,150,49,101,25,14,11,15,9,6,50,37,13,12,11,35,32,8,7,0.925
2022-10-04,150,19,131,25,11,14,15,7,8,50,36,14,12,11,35,32,8,7,0.925
2022-10-05,150,85,65,25,17,8,15,11,4,50,41,9,12,11,35,32,8,7,0.925
2022-10-06,150,64,86,25,16,9,15,10,5,50,40,10,12,11,35,32,8,7,0.925
2022-10-07,150,47,103,25,14,11,15,9,6,50,38,12,12,11,35,32,8,7,0.925
2022-10-08,150,42,108,25,14,11,15,9,6,50,38,12,12,11,35,32,8,7,0.925
2022-10-09,150,58,92,25,15,10,15,9,6,50,39,11,12,11,35,32,8,7,0.925
2022-10-10,150,48,102,25,14,11,15,9,6,50,38,12,12,11,35,32,8,7,0.925
2022-10-11,150,22,128,25,11,14,15,7,8,50,35,15,12,11,35,32,8,7,0.925
2022-10-12,150,19,131,25,11,14,15,7,8,50,34,16,12,11,35,32,8,7,0.925
2022-10-13,150,74,76,25,17,8,15,11,4,50,40,10,12,11,35,32,8,7,0.925
2022-10-14,150,37,113,25,13,12,15,8,7,50,36,14,12,11,35,32,8,7,0.925
2022-10-15,150,68,82,25,16,9,15,10,5,50,40,10,12,11,35,32,8,7,0.925
2022-10-16,150,51,99,25,14,11,15,9,6,50,37,13,12,11,35,32,8,7,0.925
2022-10-17,150,50,100,25,14,11,15,9,6,50,38,12,12,11,35,32,8,7,0.925
2022-10-18,150,44,106,25,14,11,15,9,6,50,37,13,12,11,35,32,8,7,0.925
2022-10-19,150,74,76,25,17,8,15,11,4,50,41,9,12,11,35,32,8,7,0.925
2022-10-20,150,22,128,25,12,13,15,8,7,50,36,14,12,11,35,32,8,7,0.925
2022-10-21,150,56,94,25,15,10,15,9,6,50,39,11,12,11,35,32,8,7,0.925
2022-10-22,150,56,94,25,15,10,15,9,6,50,38,12,12,11,35,32,8,7,0.925
2022-10-23,150,37,113,25,12,13,15,8,7,50,36,14,12,11,35,32,8,7,0.925
2022-10-24,150,72,78,25,16,9,15,10,5,50,40,10,12,11,35,32,8,7,0.925
2022-10-25,150,68,82,25,16,9,15,10,5,50,40,10,12,11,35,32,8,7,0.925
2022-10-26,150,22,128,25,12,13,15,8,7,50,36,14,12,11,35,32,8,7,0.925
2022-10-27,150,46,104,25,14,11,15,9,6,50,39,11,12,11,35,32,8,7,0.925
2022-10-28,150,65,85,25,16,9,15,10,5,50,40,10,12,11,35,32,8,7,0.925
2022-10-29,150,74,76,25,17,8,15,11,4,50,41,9,12,11,35,32,8,7,0.925
2022-10-30,150,38,112,25,14,11,15,9,6,50,38,12,12,11,35,32,8,7,0.925
2022-10-31,150,64,86,25,16,9,15,10,5,50,40,10,12,11,35,32,8,7,0.925
2022-11-01,150,33,117,25,13,12,15,8,7,50,37,13,12,11,35,32,8,7,0.925
2022-11-02,150,71,79,25,16,9,15,10,5,50,40,10,12,11,35,32,8,7,0.925
2022-11-03,150,52,98,25,15,10,15,9,6,50,39,11,12,11,35,32,8,7,0.925
2022-11-04,150,40,110,25,13,12,15,8,7,50,37,13,12,11,35,32,8,7,0.925
2022-11-05,150,38,112,25,12,13,15,8,7,50,35,15,12,11,35,32,8,7,0.925
2022-11-06,150,66,84,25,16,9,15,10,5,50,39,11,12,11,35,32,8,7,0.925
2022-11-07,150,83,67,25,17,8,15,11,4,50,40,10,12,11,35,32,8,7,0.925
2022-11-08,150,65,85,25,15,10,15,9,6,50,39,11,12,11,35,32,8,7,0.925
2022-11-09,150,18,132,25,11,14,15,7,8,50,34,16,12,11,35,32,8,7,0.925
2022-11-10,150,89,61,25,19,6,15,12,3,50,43,7,12,11,35,32,8,7,0.925
2022-11-11,150,22,128,25,11,14,15,7,8,50,35,15,12,11,35,32,8,7,0.925
2022-11-12,150,64,86,25,16,9,15,10,5,50,39,11,12,11,35,32,8,7,0.925
2022-11-13,150,82,68,25,17,8,15,11,4,50,41,9,12,11,35,32,8,7,0.925
2022-11-14,150,28,122,25,12,13,15,8,7,50,36,14,12,11,35,32,8,7,0.925
2022-11-15,150,86,64,25,18,7,15,11,4,50,41,9,12,11,35,32,8,7,0.925
2022-11-16,150,64,86,25,16,9,15,10,5,50,39,11,12,11,35,32,8,7,0.925
2022-11-17,150,20,130,25,11,14,15,7,8,50,35,15,12,11,35,32,8,7,0.925
2022-11-18,150,26,124,25,12,13,15,8,7,50,35,15,12,11,35,32,8,7,0.925
2022-11-19,150,32,118,25,12,13,15,8,7,50,36,14,12,11,35,32,8,7,0.925
2022-11-20,150,30,120,25,12,13,15,8,7,50,35,15,12,11,35,32,8,7,0.925
2022-11-21,150,37,113,25,14,11,15,9,6,50,38,12,12,11,35,32,8,7,0.925
2022-11-22,150,81,69,25,18,7,15,11,4,50,42,8,12,11,35,32,8,7,0.925
2022-11-23,150,34,116,25,13,12,15,8,7,50,36,14,12,11,35,32,8,7,0.925
2022-11-24,150,85,65,25,18,7,15,11,4,50,43,7,12,11,35,32,8,7,0.925
2022-11-25,150,86,64,25,18,7,15,11,4,50,41,9,12,11,35,32,8,7,0.925
2022-11-26,150,47,103,25,14,11,15,9,6,50,38,12,12,11,35,32,8,7,0.925
2022-11-27,150,75,75,25,17,8,15,11,4,50,40,10,12,11,35,32,8,7,0.925
2022-11-28,150,27,123,25,12,13,15,8,7,50,35,15,12,11,35,32,8,7,0.925
2022-11-29,150,85,65,25,18,7,15,11,4,50,42,8,12,11,35,32,8,7,0.925
2022-11-30,150,83,67,25,18,7,15,11,4,50,42,8,12,11,35,32,8,7,0.925
2022-12-01,150,76,74,25,17,8,15,11,4,50,41,9,12,11,35,32,8,7,0.925
2022-12-02,150,77,73,25,16,9,15,10,5,50,39,11,12,11,35,32,8,7,0.925
2022-12-03,150,79,71,25,17,8,15,11,4,50,41,9,12,11,35,32,8,7,0.925
2022-12-04,150,77,73,25,17,8,15,11,4,50,40,10,12,11,35,32,8,7,0.925
2022-12-05,150,22,128,25,11,14,15,7,8,50,35,15,12,11,35,32,8,7,0.925
2022-12-06,150,68,82,25,16,9,15,10,5,50,40,10,12,11,35,32,8,7,0.925
2022-12-07,150,59,91,25,15,10,15,9,6,50,39,11,12,11,35,32,8,7,0.925
2022-12-08,150,30,120,25,13,12,15,8,7,50,38,12,12,11,35,32,8,7,0.925
2022-12-09,150,87,63,25,18,7,15,11,4,50,42,8,12,11,35,32,8,7,0.925
2022-12-10,150,82,68,25,17,8,15,11,4,50,41,9,12,11,35,32,8,7,0.925
2022-12-11,150,82,68,25,17,8,15,11,4,50,41,9,12,11,35,32,8,7,0.925
2022-12-12,150,73,77,25,16,9,15,10,5,50,40,10,12,11,35,32,8,7,0.925
2022-12-13,150,62,88,25,16,9,15,10,5,50,40,10,12,11,35,32,8,7,0.925
2022-12-14,150,68,82,25,17,8,15,11,4,50,41,9,12,11,35,32,8,7,0.925
2022-12-15,150,60,90,25,15,10,15,9,6,50,39,11,12,11,35,32,8,7,0.925
2022-12-16,150,42,108,25,13,12,15,8,7,50,37,13,12,11,35,32,8,7,0.925
2022-12-17,150,74,76,25,16,9,15,10,5,50,40,10,12,11,35,32,8,7,0.925
2022-12-18,150,40,110,25,13,12,15,8,7,50,37,13,12,11,35,32,8,7,0.925
2022-12-19,150,50,100,25,14,11,15,9,6,50,38,12,12,11,35,32,8,7,0.925
2022-12-20,150,91,59,25,19,6,15,12,3,50,43,7,12,11,35,32,8,7,0.925
2022-12-21,150,35,115,25,13,12,15,8,7,50,37,13,12,11,35,32,8,7,0.925
2022-12-22,150,60,90,25,16,9,15,10,5,50,40,10,12,11,35,32,8,7,0.925
2022-12-23,150,41,109,25,13,12,15,8,7,50,37,13,12,8,35,25,8,5,0.73
2022-12-24,150,56,94,25,14,11,15,9,6,50,37,13,12,8,35,25,8,5,0.73
2022-12-25,150,76,74,25,16,9,15,10,5,50,39,11,12,8,35,25,8,5,0.73
2022-12-26,150,43,107,25,13,12,15,8,7,50,36,14,12,8,35,25,8,5,0.73
2022-12-27,150,38,112,25,13,12,15,8,7,50,37,13,12,8,35,25,8,5,0.73
2022-12-28,150,10,140,25,9,16,15,6,9,50,31,19,12,8,35,25,8,5,0.73
2022-12-29,150,70,80,25,16,9,15,10,5,50,39,11,12,8,35,25,8,5,0.73
2022-12-30,150,35,115,25,12,13,15,8,7,50,36,14,12,8,35,25,8,5,0.73
2022-12-31,150,37,113,25,13,12,15,8,7,50,36,14,12,8,35,25,8,5,0.73
2023-01-01,150,47,103,25,14,11,15,9,6,50,37,13,12,8,35,25,8,5,0.73
2023-01-02,150,71,79,25,16,9,15,10,5,50,40,10,12,8,35,25,8,5,0.73
2023-01-03,150,70,80,25,16,9,15,10,5,50,39,11,12,8,35,25,8,5,0.73
2023-01-04,150,51,99,25,13,12,15,8,7,50,36,14,12,8,35,25,8,5,0.73
2023-01-05,150,41,109,25,13,12,15,8,7,50,36,14,12,8,35,25,8,5,0.73
2023-01-06,150,62,88,25,15,10,15,9,6,50,39,11,12,8,35,25,8,5,0.73
2023-01-07,150,74,76,25,15,10,15,9,6,50,38,12,12,8,35,25,8,5,0.73
2023-01-08,150,25,125,25,11,14,15,7,8,50,34,16,12,8,35,25,8,5,0.73
2023-01-09,150,86,64,25,18,7,15,11,4,50,42,8,12,8,35,25,8,5,0.73
2023-01-10,150,60,90,25,15,10,15,9,6,50,38,12,12,8,35,25,8,5,0.73
2023-01-11,150,74,76,25,16,9,15,10,5,50,40,10,12,8,35,25,8,5,0.73
2023-01-12,150,25,125,25,11,14,15,7,8,50,35,15,12,8,35,25,8,5,0.73
2023-01-13,150,45,105,25,14,11,15,9,6,50,38,12,12,8,35,25,8,5,0.73
2023-01-14,150,38,112,25,12,13,15,8,7,50,34,16,12,8,35,25,8,5,0.73
2023-01-15,150,81,69,25,16,9,15,10,5,50,39,11,12,8,35,25,8,5,0.73
2023-01-16,150,35,115,25,13,12,15,8,7,50,36,14,12,8,35,25,8,5,0.73
2023-01-17,150,83,67,25,17,8,15,11,4,50,40,10,12,8,35,25,8,5,0.73
2023-01-18,150,60,90,25,15,10,15,9,6,50,38,12,12,8,35,25,8,5,0.73
2023-01-19,150,37,113,25,12,13,15,8,7,50,34,16,12,8,35,25,8,5,0.73
2023-01-20,150,83,67,25,18,7,15,11,4,50,42,8,12,8,35,25,8,5,0.73
2023-01-21,150,25,125,25,12,13,15,8,7,50,36,14,12,8,35,25,8,5,0.73
2023-01-22,150,15,135,25,10,15,15,6,9,50,34,16,12,8,35,25,8,5,0.73
2023-01-23,150,25,125,25,12,13,15,8,7,50,36,14,12,8,35,25,8,5,0.73
2023-01-24,150,59,91,25,14,11,15,9,6,50,37,13,12,8,35,25,8,5,0.73
2023-01-25,150,20,130,25,12,13,15,8,7,50,36,14,12,8,35,25,8,5,0.73
2023-01-26,150,29,121,25,12,13,15,8,7,50,35,15,12,8,35,25,8,5,0.73
2023-01-27,150,61,89,25,15,10,15,9,6,50,38,12,12,8,35,25,8,5,0.73
2023-01-28,150,64,86,25,15,10,15,9,6,50,38,12,12,8,35,25,8,5,0.73
2023-01-29,150,61,89,25,15,10,15,9,6,50,38,12,12,8,35,25,8,5,0.73
2023-01-30,150,42,108,25,12,13,15,8,7,50,35,15,12,8,35,25,8,5,0.73
2023-01-31,150,81,69,25,18,7,15,11,4,50,42,8,12,8,35,25,8,5,0.73
2023-02-01,150,45,105,25,14,11,15,9,6,50,37,13,12,8,35,25,8,5,0.73
2023-02-02,150,56,94,25,14,11,15,9,6,50,37,13,12,8,35,25,8,5,0.73
2023-02-03,150,56,94,25,15,10,15,9,6,50,40,10,12,8,35,25,8,5,0.73
2023-02-04,150,67,83,25,16,9,15,10,5,50,40,10,12,8,35,25,8,5,0.73
2023-02-05,150,26,124,25,12,13,15,8,7,50,36,14,12,8,35,25,8,5,0.73
2023-02-06,150,19,131,25,11,14,15,7,8,50,35,15,12,8,35,25,8,5,0.73
2023-02-07,150,35,115,25,13,12,15,8,7,50,37,13,12,8,35,25,8,5,0.73
2023-02-08,150,72,78,25,16,9,15,10,5,50,38,12,12,8,35,25,8,5,0.73
2023-02-09,150,84,66,25,17,8,15,11,4,50,41,9,12,8,35,25,8,5,0.73
2023-02-10,150,40,110,25,13,12,15,8,7,50,37,13,12,8,35,25,8,5,0.73
2023-02-11,150,18,132,25,10,15,15,6,9,50,34,16,12,8,35,25,8,5,0.73
2023-02-12,150,67,83,25,15,10,15,9,6,50,39,11,12,8,35,25,8,5,0.73
2023-02-13,150,72,78,25,16,9,15,10,5,50,40,10,12,8,35,25,8,5,0.73
2023-02-14,150,35,115,25,12,13,15,8,7,50,35,15,12,8,35,25,8,5,0.73
2023-02-15,150,60,90,25,16,9,15,10,5,50,40,10,12,8,35,25,8,5,0.73
2023-02-16,150,29,121,25,12,13,15,8,7,50,36,14,12,8,35,25,8,5,0.73
2023-02-17,150,77,73,25,17,8,15,11,4,50,40,10,12,8,35,25,8,5,0.73
2023-02-18,150,26,124,25,11,14,15,7,8,50,34,16,12,8,35,25,8,5,0.73
2023-02-19,150,24,126,25,12,13,15,8,7,50,35,15,12,8,35,25,8,5,0.73
2023-02-20,150,30,120,25,12,13,15,8,7,50,36,14,12,8,35,25,8,5,0.73
2023-02-21,150,81,69,25,18,7,15,11,4,50,42,8,12,8,35,25,8,5,0.73
2023-02-22,150,35,115,25,13,12,15,8,7,50,36,14,12,8,35,25,8,5,0.73
2023-02-23,150,77,73,25,17,8,15,11,4,50,41,9,12,8,35,25,8,5,0.73
2023-02-24,150,86,64,25,18,7,15,11,4,50,42,8,12,8,35,25,8,5,0.73
2023-02-25,150,58,92,25,15,10,15,9,6,50,39,11,12,8,35,25,8,5,0.73
2023-02-26,150,22,128,25,11,14,15,7,8,50,35,15,12,8,35,25,8,5,0.73
2023-02-27,150,72,78,25,16,9,15,10,5,50,40,10,12,8,35,25,8,5,0.73
2023-02-28,150,69,81,25,16,9,15,10,5,50,39,11,12,8,35,25,8,5,0.73
2023-03-01,150,19,131,25,11,14,15,7,8,50,34,16,12,8,35,25,8,5,0.73
2023-03-02,150,35,115,25,13,12,15,8,7,50,36,14,12,8,35,25,8,5,0.73
2023-03-03,150,18,132,25,11,14,15,7,8,50,35,15,12,8,35,25,8,5,0.73
2023-03-04,150,79,71,25,17,8,15,11,4,50,41,9,12,8,35,25,8,5,0.73
2023-03-05,150,87,63,25,19,6,15,12,3,50,43,7,12,8,35,25,8,5,0.73
2023-03-06,150,44,106,25,14,11,15,9,6,50,38,12,12,8,35,25,8,5,0.73
2023-03-07,150,76,74,25,17,8,15,11,4,50,41,9,12,8,35,25,8,5,0.73
2023-03-08,150,19,131,25,11,14,15,7,8,50,34,16,12,8,35,25,8,5,0.73
2023-03-09,150,49,101,25,15,10,15,9,6,50,39,11,12,8,35,25,8,5,0.73
2023-03-10,150,27,123,25,12,13,15,8,7,50,35,15,12,8,35,25,8,5,0.73
2023-03-11,150,59,91,25,15,10,15,9,6,50,38,12,12,8,35,25,8,5,0.73
2023-03-12,150,63,87,25,15,10,15,9,6,50,38,12,12,8,35,25,8,5,0.73
2023-03-13,150,17,133,25,11,14,15,7,8,50,34,16,12,8,35,25,8,5,0.73
2023-03-14,150,51,99,25,14,11,15,9,6,50,37,13,12,8,35,25,8,5,0.73
2023-03-15,150,72,78,25,16,9,15,10,5,50,40,10,12,8,35,25,8,5,0.73
2023-03-16,150,55,95,25,15,10,15,9,6,50,39,11,12,8,35,25,8,5,0.73
2023-03-17,150,59,91,25,15,10,15,9,6,50,39,11,12,8,35,25,8,5,0.73
2023-03-18,150,20,130,25,11,14,15,7,8,50,35,15,12,8,35,25,8,5,0.73
2023-03-19,150,73,77,25,16,9,15,10,5,50,39,11,12,8,35,25,8,5,0.73
2023-03-20,150,84,66,25,17,8,15,11,4,50,41,9,12,8,35,25,8,5,0.73
2023-03-21,150,89,61,25,19,6,15,12,3,50,43,7,12,8,35,25,8,5,0.73
2023-03-22,150,67,83,25,16,9,15,10,5,50,40,10,12,8,35,25,8,5,0.73
2023-03-23,150,79,71,25,18,7,15,11,4,50,42,8,12,8,35,25,8,5,0.73
2023-03-24,150,21,129,25,11,14,15,7,8,50,35,15,12,8,35,25,8,5,0.73
2023-03-25,150,41,109,25,14,11,15,9,6,50,39,11,12,11,35,33,8,7,0.97
2023-03-26,150,85,65,25,19,6,15,12,3,50,44,6,12,11,35,33,8,7,0.97
2023-03-27,150,24,126,25,13,12,15,8,7,50,37,13,12,11,35,33,8,7,0.97
2023-03-28,150,28,122,25,13,12,15,8,7,50,38,12,12,11,35,33,8,7,0.97
2023-03-29,150,72,78,25,17,8,15,11,4,50,42,8,12,11,35,33,8,7,0.97
2023-03-30,150,89,61,25,19,6,15,12,3,50,44,6,12,11,35,33,8,7,0.97
2023-03-31,150,75,75,25,18,7,15,11,4,50,42,8,12,11,35,33,8,7,0.97
2023-04-01,150,83,67,25,18,7,15,11,4,50,43,7,12,11,35,33,8,7,0.97
2023-04-02,150,93,57,25,19,6,15,12,3,50,44,6,12,11,35,33,8,7,0.97
2023-04-03,150,44,106,25,15,10,15,9,6,50,39,11,12,11,35,33,8,7,0.97
2023-04-04,150,86,64,25,19,6,15,12,3,50,43,7,12,11,35,33,8,7,0.97
2023-04-05,150,43,107,25,14,11,15,9,6,50,39,11,12,11,35,33,8,7,0.97
2023-04-06,150,42,108,25,14,11,15,9,6,50,39,11,12,11,35,33,8,7,0.97
2023-04-07,150,67,83,25,17,8,15,11,4,50,41,9,12,11,35,33,8,7,0.97
2023-04-08,150,29,121,25,13,12,15,8,7,50,38,12,12,11,35,33,8,7,0.97
2023-04-09,150,33,117,25,13,12,15,8,7,50,38,12,12,11,35,33,8,7,0.97
2023-04-10,150,40,110,25,14,11,15,9,6,50,39,11,12,11,35,33,8,7,0.97
2023-04-11,150,36,114,25,14,11,15,9,6,50,38,12,12,11,35,33,8,7,0.97
2023-04-12,150,37,113,25,14,11,15,9,6,50,38,12,12,11,35,33,8,7,0.97
2023-04-13,150,52,98,25,15,10,15,9,6,50,39,11,12,11,35,33,8,7,0.97
2023-04-14,150,33,117,25,13,12,15,8,7,50,38,12,12,11,35,33,8,7,0.97
2023-04-15,150,62,88,25,16,9,15,10,5,50,41,9,12,11,35,33,8,7,0.97
2023-04-16,150,38,112,25,14,11,15,9,6,50,38,12,12,11,35,33,8,7,0.97
2023-04-17,150,72,78,25,17,8,15,11,4,50,42,8,12,11,35,33,8,7,0.97
2023-04-18,150,28,122,25,13,12,15,8,7,50,38,12,12,11,35,33,8,7,0.97
2023-04-19,150,91,59,25,19,6,15,12,3,50,44,6,12,11,35,33,8,7,0.97
2023-04-20,150,68,82,25,17,8,15,11,4,50,41,9,12,11,35,33,8,7,0.97
2023-04-21,150,23,127,25,12,13,15,8,7,50,37,13,12,11,35,33,8,7,0.97
2023-04-22,150,93,57,25,19,6,15,12,3,50,44,6,12,11,35,33,8,7,0.97
2023-04-23,150,25,125,25,13,12,15,8,7,50,37,13,12,11,35,33,8,7,0.97
2023-04-24,150,56,94,25,16,9,15,10,5,50,40,10,12,11,35,33,8,7,0.97
2023-04-25,150,86,64,25,19,6,15,12,3,50,43,7,12,11,35,33,8,7,0.97
2023-04-26,150,41,109,25,14,11,15,9,6,50,39,11,12,11,35,33,8,7,0.97
2023-04-27,150,52,98,25,15,10,15,9,6,50,40,10,12,11,35,33,8,7,0.97
2023-04-28,150,88,62,25,19,6,15,12,3,50,44,6,12,11,35,33,8,7,0.97
2023-04-29,150,58,92,25,16,9,15,10,5,50,41,9,12,11,35,33,8,7,0.97
2023-04-30,150,29,121,25,13,12,15,8,7,50,38,12,12,11,35,33,8,7,0.97
2023-05-01,150,36,114,25,14,11,15,9,6,50,39,11,12,11,35,33,8,7,0.97
2023-05-02,150,37,113,25,14,11,15,9,6,50,39,11,12,11,35,33,8,7,0.97
2023-05-03,150,59,91,25,16,9,15,10,5,50,40,10,12,11,35,33,8,7,0.97
2023-05-04,150,85,65,25,19,6,15,12,3,50,43,7,12,11,35,33,8,7,0.97
2023-05-05,150,82,68,25,18,7,15,11,4,50,43,7,12,11,35,33,8,7,0.97
2023-05-06,150,76,74,25,18,7,15,11,4,50,43,7,12,11,35,33,8,7,0.97
2023-05-07,150,45,105,25,15,10,15,9,6,50,40,10,12,11,35,33,8,7,0.97
2023-05-08,150,78,72,25,18,7,15,11,4,50,43,7,12,11,35,33,8,7,0.97
2023-05-09,150,81,69,25,18,7,15,11,4,50,42,8,12,11,35,33,8,7,0.97
2023-05-10,150,83,67,25,18,7,15,11,4,50,43,7,12,11,35,33,8,7,0.97
2023-05-11,150,61,89,25,16,9,15,10,5,50,41,9,12,11,35,33,8,7,0.97
2023-05-12,150,65,85,25,17,8,15,11,4,50,41,9,12,11,35,33,8,7,0.97
2023-05-13,150,24,126,25,12,13,15,8,7,50,37,13,12,11,35,33,8,7,0.97
2023-05-14,150,72,78,25,18,7,15,11,4,50,42,8,12,11,35,33,8,7,0.97
2023-05-15,150,70,80,25,17,8,15,11,4,50,42,8,12,11,35,33,8,7,0.97
2023-05-16,150,49,101,25,15,10,15,9,6,50,40,10,12,11,35,33,8,7,0.97
2023-05-17,150,62,88,25,16,9,15,10,5,50,40,10,12,11,35,33,8,7,0.97
2023-05-18,150,93,57,25,19,6,15,12,3,50,44,6,12,11,35,33,8,7,0.97
2023-05-19,150,81,69,25,18,7,15,11,4,50,43,7,12,11,35,33,8,7,0.97
2023-05-20,150,56,94,25,15,10,15,9,6,50,40,10,12,11,35,33,8,7,0.97
2023-05-21,150,23,127,25,12,13,15,8,7,50,37,13,12,11,35,33,8,7,0.97
2023-05-22,150,67,83,25,17,8,15,11,4,50,42,8,12,11,35,33,8,7,0.97
2023-05-23,150,67,83,25,17,8,15,11,4,50,41,9,12,11,35,33,8,7,0.97
2023-05-24,150,41,109,25,14,11,15,9,6,50,39,11,12,11,35,33,8,7,0.97
2023-05-25,150,87,63,25,19,6,15,12,3,50,44,6,12,11,35,33,8,7,0.97
2023-05-26,150,52,98,25,15,10,15,9,6,50,40,10,12,11,35,33,8,7,0.97
2023-05-27,150,93,57,25,19,6,15,12,3,50,44,6,12,11,35,33,8,7,0.97
2023-05-28,150,36,114,25,14,11,15,9,6,50,38,12,12,11,35,33,8,7,0.97
2023-05-29,150,30,120,25,13,12,15,8,7,50,38,12,12,11,35,33,8,7,0.97
2023-05-30,150,66,84,25,17,8,15,11,4,50,41,9,12,11,35,33,8,7,0.97
2023-05-31,150,78,72,25,18,7,15,11,4,50,43,7,12,11,35,33,8,7,0.97
2023-06-01,150,73,77,25,17,8,15,11,4,50,42,8,12,11,35,33,8,7,0.97
2023-06-02,150,86,64,25,18,7,15,11,4,50,43,7,12,11,35,33,8,7,0.97
2023-06-03,150,89,61,25,19,6,15,12,3,50,43,7,12,11,35,33,8,7,0.97
2023-06-04,150,40,110,25,14,11,15,9,6,50,39,11,12,11,35,33,8,7,0.97
2023-06-05,150,32,118,25,13,12,15,8,7,50,38,12,12,11,35,33,8,7,0.97
2023-06-06,150,83,67,25,18,7,15,11,4,50,43,7,12,11,35,33,8,7,0.97
2023-06-07,150,92,58,25,19,6,15,12,3,50,43,7,12,11,35,33,8,7,0.97
2023-06-08,150,78,72,25,18,7,15,11,4,50,42,8,12,11,35,33,8,7,0.97
2023-06-09,150,56,94,25,15,10,15,9,6,50,40,10,12,11,35,33,8,7,0.97
2023-06-10,150,86,64,25,19,6,15,12,3,50,43,7,12,11,35,33,8,7,0.97
2023-06-11,150,61,89,25,16,9,15,10,5,50,41,9,12,11,35,33,8,7,0.97
2023-06-12,150,69,81,25,17,8,15,11,4,50,41,9,12,11,35,33,8,7,0.97
2023-06-13,150,29,121,25,13,12,15,8,7,50,38,12,12,11,35,33,8,7,0.97
2023-06-14,150,51,99,25,15,10,15,9,6,50,40,10,12,11,35,33,8,7,0.97
2023-06-15,150,36,114,25,14,11,15,9,6,50,38,12,12,11,35,33,8,7,0.97
2023-06-16,150,23,127,25,12,13,15,8,7,50,37,13,12,11,35,33,8,7,0.97
2023-06-17,150,30,120,25,13,12,15,8,7,50,38,12,12,11,35,33,8,7,0.97
2023-06-18,150,90,60,25,19,6,15,12,3,50,44,6,12,11,35,33,8,7,0.97
2023-06-19,150,60,90,25,16,9,15,10,5,50,40,10,12,11,35,33,8,7,0.97
2023-06-20,150,54,96,25,15,10,15,9,6,50,40,10,12,11,35,33,8,7,0.97
2023-06-21,150,47,103,25,15,10,15,9,6,50,39,11,12,11,35,33,8,7,0.97
2023-06-22,150,75,75,25,17,8,15,11,4,50,41,9,12,11,35,33,8,7,0.97
2023-06-23,150,44,106,25,14,11,15,9,6,50,38,12,12,11,35,33,8,7,0.97
2023-06-24,150,72,78,25,17,8,15,11,4,50,41,9,12,11,35,33,8,7,0.97
2023-06-25,150,49,101,25,15,10,15,9,6,50,40,10,12,11,35,33,8,7,0.97
2023-06-26,150,74,76,25,17,8,15,11,4,50,41,9,12,11,35,33,8,7,0.97
2023-06-27,150,36,114,25,13,12,15,8,7,50,37,13,12,11,35,33,8,7,0.97
2023-06-28,150,25,125,25,12,13,15,8,7,50,37,13,12,11,35,33,8,7,0.97
2023-06-29,150,57,93,25,15,10,15,9,6,50,40,10,12,11,35,33,8,7,0.97
2023-06-30,150,65,85,25,17,8,15,11,4,50,41,9,12,11,35,33,8,7,0.97
2023-07-01,150,82,68,25,18,7,15,11,4,50,42,8,12,11,35,33,8,7,0.97
2023-07-02,150,55,95,25,16,9,15,10,5,50,40,10,12,11,35,33,8,7,0.97
2023-07-03,150,58,92,25,15,10,15,9,6,50,39,11,12,11,35,33,8,7,0.97
2023-07-04,150,42,108,25,14,11,15,9,6,50,39,11,12,11,35,33,8,7,0.97
2023-07-05,150,51,99,25,15,10,15,9,6,50,39,11,12,11,35,33,8,7,0.97
2023-07-06,150,41,109,25,14,11,15,9,6,50,39,11,12,11,35,33,8,7,0.97
2023-07-07,150,81,69,25,18,7,15,11,4,50,42,8,12,11,35,33,8,7,0.97
2023-07-08,150,37,113,25,13,12,15,8,7,50,37,13,12,11,35,33,8,7,0.97
2023-07-09,150,39,111,25,14,11,15,9,6,50,38,12,12,11,35,33,8,7,0.97
2023-07-10,150,40,110,25,14,11,15,9,6,50,38,12,12,11,35,33,8,7,0.97
2023-07-11,150,38,112,25,13,12,15,8,7,50,37,13,12,11,35,33,8,7,0.97
2023-07-12,150,68,82,25,17,8,15,11,4,50,41,9,12,11,35,33,8,7,0.97
2023-07-13,150,91,59,25,19,6,15,12,3,50,44,6,12,11,35,33,8,7,0.97
2023-07-14,150,65,85,25,16,9,15,10,5,50,40,10,12,11,35,33,8,7,0.97
2023-07-15,150,25,125,25,13,12,15,8,7,50,37,13,12,11,35,33,8,7,0.97
2023-07-16,150,54,96,25,15,10,15,9,6,50,39,11,12,11,35,33,8,7,0.97
2023-07-17,150,82,68,25,18,7,15,11,4,50,43,7,12,11,35,33,8,7,0.97
2023-07-18,150,83,67,25,18,7,15,11,4,50,42,8,12,11,35,33,8,7,0.97
2023-07-19,150,59,91,25,16,9,15,10,5,50,40,10,12,11,35,33,8,7,0.97
2023-07-20,150,93,57,25,19,6,15,12,3,50,44,6,12,11,35,33,8,7,0.97
2023-07-21,150,55,95,25,15,10,15,9,6,50,39,11,12,11,35,33,8,7,0.97
2023-07-22,150,85,65,25,18,7,15,11,4,50,42,8,12,11,35,33,8,7,0.97
2023-07-23,150,24,126,25,12,13,15,8,7,50,36,14,12,11,35,33,8,7,0.97
2023-07-24,150,34,116,25,13,12,15,8,7,50,38,12,12,11,35,33,8,7,0.97
2023-07-25,150,70,80,25,17,8,15,11,4,50,41,9,12,10,35,30,8,7,0.88
2023-07-26,150,68,82,25,16,9,15,10,5,50,40,10,12,10,35,30,8,7,0.88
2023-07-27,150,35,115,25,13,12,15,8,7,50,37,13,12,10,35,30,8,7,0.88
2023-07-28,150,41,109,25,13,12,15,8,7,50,37,13,12,10,35,30,8,7,0.88
2023-07-29,150,59,91,25,15,10,15,9,6,50,38,12,12,10,35,30,8,7,0.88
2023-07-30,150,44,106,25,13,12,15,8,7,50,37,13,12,10,35,30,8,7,0.88
2023-07-31,150,73,77,25,17,8,15,11,4,50,41,9,12,10,35,30,8,7,0.88
2023-08-01,150,74,76,25,17,8,15,11,4,50,40,10,12,10,35,30,8,7,0.88
2023-08-02,150,32,118,25,13,12,15,8,7,50,37,13,12,10,35,30,8,7,0.88
2023-08-03,150,83,67,25,18,7,15,11,4,50,42,8,12,10,35,30,8,7,0.88
2023-08-04,150,40,110,25,13,12,15,8,7,50,37,13,12,10,35,30,8,7,0.88
2023-08-05,150,47,103,25,14,11,15,9,6,50,37,13,12,10,35,30,8,7,0.88
2023-08-06,150,73,77,25,17,8,15,11,4,50,41,9,12,10,35,30,8,7,0.88
2023-08-07,150,19,131,25,11,14,15,7,8,50,36,14,12,10,35,30,8,7,0.88
2023-08-08,150,49,101,25,14,11,15,9,6,50,38,12,12,10,35,30,8,7,0.88
2023-08-09,150,27,123,25,12,13,15,8,7,50,35,15,12,10,35,30,8,7,0.88
2023-08-10,150,66,84,25,16,9,15,10,5,50,40,10,12,10,35,30,8,7,0.88
2023-08-11,150,72,78,25,17,8,15,11,4,50,41,9,12,10,35,30,8,7,0.88
2023-08-12,150,61,89,25,15,10,15,9,6,50,39,11,12,10,35,30,8,7,0.88
2023-08-13,150,71,79,25,17,8,15,11,4,50,41,9,12,10,35,30,8,7,0.88
2023-08-14,150,80,70,25,18,7,15,11,4,50,42,8,12,10,35,30,8,7,0.88
2023-08-15,150,64,86,25,16,9,15,10,5,50,40,10,12,10,35,30,8,7,0.88
2023-08-16,150,76,74,25,17,8,15,11,4,50,42,8,12,10,35,30,8,7,0.88
2023-08-17,150,37,113,25,13,12,15,8,7,50,37,13,12,10,35,30,8,7,0.88
2023-08-18,150,63,87,25,15,10,15,9,6,50,38,12,12,10,35,30,8,7,0.88
2023-08-19,150,67,83,25,16,9,15,10,5,50,40,10,12,10,35,30,8,7,0.88
2023-08-20,150,34,116,25,12,13,15,8,7,50,36,14,12,10,35,30,8,7,0.88
2023-08-21,150,25,125,25,11,14,15,7,8,50,35,15,12,10,35,30,8,7,0.88
2023-08-22,150,82,68,25,18,7,15,11,4,50,42,8,12,10,35,30,8,7,0.88
2023-08-23,150,61,89,25,15,10,15,9,6,50,39,11,12,10,35,30,8,7,0.88
2023-08-24,150,47,103,25,14,11,15,9,6,50,37,13,12,10,35,30,8,7,0.88
2023-08-25,150,69,81,25,16,9,15,10,5,50,40,10,12,10,35,30,8,7,0.88
2023-08-26,150,88,62,25,18,7,15,11,4,50,42,8,12,10,35,30,8,7,0.88
2023-08-27,150,62,88,25,15,10,15,9,6,50,39,11,12,10,35,30,8,7,0.88
2023-08-28,150,32,118,25,12,13,15,8,7,50,36,14,12,10,35,30,8,7,0.88
2023-08-29,150,69,81,25,15,10,15,9,6,50,38,12,12,10,35,30,8,7,0.88
2023-08-30,150,28,122,25,12,13,15,8,7,50,35,15,12,10,35,30,8,7,0.88
2023-08-31,150,19,131,25,11,14,15,7,8,50,35,15,12,10,35,30,8,7,0.88
2023-09-01,150,34,116,25,12,13,15,8,7,50,35,15,12,10,35,30,8,7,0.88
2023-09-02,150,64,86,25,15,10,15,9,6,50,38,12,12,10,35,30,8,7,0.88
2023-09-03,150,67,83,25,16,9,15,10,5,50,40,10,12,10,35,30,8,7,0.88
2023-09-04,150,66,84,25,15,10,15,9,6,50,38,12,12,10,35,30,8,7,0.88
2023-09-05,150,37,113,25,12,13,15,8,7,50,35,15,12,10,35,30,8,7,0.88
2023-09-06,150,52,98,25,14,11,15,9,6,50,38,12,12,10,35,30,8,7,0.88
2023-09-07,150,33,117,25,13,12,15,8,7,50,37,13,12,10,35,30,8,7,0.88
2023-09-08,150,85,65,25,17,8,15,11,4,50,41,9,12,10,35,30,8,7,0.88
2023-09-09,150,70,80,25,16,9,15,10,5,50,40,10,12,10,35,30,8,7,0.88
2023-09-10,150,68,82,25,15,10,15,9,6,50,39,11,12,10,35,30,8,7,0.88
2023-09-11,150,45,105,25,14,11,15,9,6,50,38,12,12,10,35,30,8,7,0.88
2023-09-12,150,71,79,25,16,9,15,10,5,50,39,11,12,10,35,30,8,7,0.88
2023-09-13,150,51,99,25,14,11,15,9,6,50,38,12,12,10,35,30,8,7,0.88
2023-09-14,150,40,110,25,13,12,15,8,7,50,36,14,12,10,35,30,8,7,0.88
2023-09-15,150,26,124,25,12,13,15,8,7,50,36,14,12,10,35,30,8,7,0.88
2023-09-16,150,38,112,25,13,12,15,8,7,50,37,13,12,10,35,30,8,7,0.88
2023-09-17,150,44,106,25,14,11,15,9,6,50,38,12,12,10,35,30,8,7,0.88
2023-09-18,150,16,134,25,11,14,15,7,8,50,34,16,12,10,35,30,8,7,0.88
2023-09-19,150,19,131,25,10,15,15,6,9,50,33,17,12,10,35,30,8,7,0.88
2023-09-20,150,81,69,25,17,8,15,11,4,50,40,10,12,10,35,30,8,7,0.88
2023-09-21,150,29,121,25,12,13,15,8,7,50,36,14,12,10,35,30,8,7,0.88
2023-09-22,150,87,63,25,18,7,15,11,4,50,43,7,12,10,35,30,8,7,0.88
2023-09-23,150,50,100,25,15,10,15,9,6,50,39,11,12,10,35,30,8,7,0.88
2023-09-24,150,77,73,25,17,8,15,11,4,50,41,9,12,10,35,30,8,7,0.88
2023-09-25,150,73,77,25,16,9,15,10,5,50,40,10,12,10,35,30,8,7,0.88
2023-09-26,150,46,104,25,13,12,15,8,7,50,36,14,12,10,35,30,8,7,0.88
2023-09-27,150,69,81,25,15,10,15,9,6,50,38,12,12,10,35,30,8,7,0.88
2023-09-28,150,81,69,25,17,8,15,11,4,50,40,10,12,10,35,30,8,7,0.88
2023-09-29,150,78,72,25,17,8,15,11,4,50,40,10,12,10,35,30,8,7,0.88
2023-09-30,150,26,124,25,11,14,15,7,8,50,35,15,12,10,35,30,8,7,0.88
2023-10-01,150,44,106,25,14,11,15,9,6,50,38,12,12,10,35,30,8,7,0.88
2023-10-02,150,24,126,25,11,14,15,7,8,50,34,16,12,10,35,30,8,7,0.88
2023-10-03,150,60,90,25,15,10,15,9,6,50,38,12,12,10,35,30,8,7,0.88
2023-10-04,150,74,76,25,16,9,15,10,5,50,39,11,12,10,35,30,8,7,0.88
2023-10-05,150,72,78,25,16,9,15,10,5,50,40,10,12,10,35,30,8,7,0.88
2023-10-06,150,72,78,25,16,9,15,10,5,50,39,11,12,10,35,30,8,7,0.88
2023-10-07,150,80,70,25,17,8,15,11,4,50,40,10,12,10,35,30,8,7,0.88
2023-10-08,150,75,75,25,17,8,15,11,4,50,40,10,12,10,35,30,8,7,0.88
2023-10-09,150,29,121,25,11,14,15,7,8,50,34,16,12,10,35,30,8,7,0.88
2023-10-10,150,66,84,25,15,10,15,9,6,50,37,13,12,10,35,30,8,7,0.88
2023-10-11,150,33,117,25,12,13,15,8,7,50,35,15,12,10,35,30,8,7,0.88
2023-10-12,150,50,100,25,14,11,15,9,6,50,37,13,12,10,35,30,8,7,0.88
2023-10-13,150,53,97,25,15,10,15,9,6,50,39,11,12,10,35,30,8,7,0.88
2023-10-14,150,44,106,25,14,11,15,9,6,50,38,12,12,10,35,30,8,7,0.88
2023-10-15,150,18,132,25,10,15,15,6,9,50,33,17,12,10,35,30,8,7,0.88
2023-10-16,150,58,92,25,15,10,15,9,6,50,39,11,12,10,35,30,8,7,0.88
2023-10-17,150,56,94,25,15,10,15,9,6,50,38,12,12,10,35,30,8,7,0.88
2023-10-18,150,31,119,25,12,13,15,8,7,50,35,15,12,10,35,30,8,7,0.88
2023-10-19,150,79,71,25,16,9,15,10,5,50,39,11,12,10,35,30,8,7,0.88
2023-10-20,150,55,95,25,15,10,15,9,6,50,39,11,12,10,35,30,8,7,0.88
2023-10-21,150,56,94,25,15,10,15,9,6,50,38,12,12,10,35,30,8,7,0.88
2023-10-22,150,34,116,25,12,13,15,8,7,50,35,15,12,10,35,30,8,7,0.88
2023-10-23,150,65,85,25,13,12,15,8,7,50,35,15,12,8,35,24,8,5,0.7
2023-10-24,150,77,73,25,16,9,15,10,5,50,38,12,12,8,35,24,8,5,0.7
2023-10-25,150,30,120,25,11,14,15,7,8,50,33,17,12,8,35,24,8,5,0.7
2023-10-26,150,6,144,25,8,17,15,5,10,50,30,20,12,8,35,24,8,5,0.7
2023-10-27,150,78,72,25,16,9,15,10,5,50,39,11,12,8,35,24,8,5,0.7
2023-10-28,150,37,113,25,12,13,15,8,7,50,34,16,12,8,35,24,8,5,0.7
2023-10-29,150,65,85,25,13,12,15,8,7,50,34,16,12,8,35,24,8,5,0.7
2023-10-30,150,50,100,25,13,12,15,8,7,50,35,15,12,8,35,24,8,5,0.7
2023-10-31,150,68,82,25,15,10,15,9,6,50,37,13,12,8,35,24,8,5,0.7
2023-11-01,150,73,77,25,15,10,15,9,6,50,37,13,12,8,35,24,8,5,0.7
2023-11-02,150,63,87,25,15,10,15,9,6,50,37,13,12,8,35,24,8,5,0.7
2023-11-03,150,55,95,25,12,13,15,8,7,50,32,18,12,8,35,24,8,5,0.7
2023-11-04,150,44,106,25,13,12,15,8,7,50,36,14,12,8,35,24,8,5,0.7
2023-11-05,150,62,88,25,14,11,15,9,6,50,37,13,12,8,35,24,8,5,0.7
2023-11-06,150,26,124,25,10,15,15,6,9,50,33,17,12,8,35,24,8,5,0.7
2023-11-07,150,74,76,25,15,10,15,9,6,50,37,13,12,8,35,24,8,5,0.7
2023-11-08,150,50,100,25,13,12,15,8,7,50,36,14,12,8,35,24,8,5,0.7
2023-11-09,150,13,137,25,7,18,15,5,10,50,28,22,12,8,35,24,8,5,0.7
2023-11-10,150,8,142,25,9,16,15,6,9,50,31,19,12,8,35,24,8,5,0.7
2023-11-11,150,10,140,25,8,17,15,5,10,50,30,20,12,8,35,24,8,5,0.7
2023-11-12,150,78,72,25,16,9,15,10,5,50,39,11,12,8,35,24,8,5,0.7
2023-11-13,150,18,132,25,9,16,15,6,9,50,30,20,12,8,35,24,8,5,0.7
2023-11-14,150,20,130,25,10,15,15,6,9,50,32,18,12,8,35,24,8,5,0.7
2023-11-15,150,15,135,25,8,17,15,5,10,50,30,20,12,8,35,24,8,5,0.7
2023-11-16,150,40,110,25,11,14,15,7,8,50,33,17,12,8,35,24,8,5,0.7
2023-11-17,150,50,100,25,12,13,15,8,7,50,34,16,12,8,35,24,8,5,0.7
2023-11-18,150,13,137,25,9,16,15,6,9,50,31,19,12,8,35,24,8,5,0.7
2023-11-19,150,13,137,25,9,16,15,6,9,50,31,19,12,8,35,24,8,5,0.7
2023-11-20,150,31,119,25,11,14,15,7,8,50,34,16,12,8,35,24,8,5,0.7
2023-11-21,150,45,105,25,12,13,15,8,7,50,33,17,12,8,35,24,8,5,0.7
2023-11-22,150,65,85,25,15,10,15,9,6,50,37,13,12,8,35,24,8,5,0.7
2023-11-23,150,69,81,25,14,11,15,9,6,50,36,14,12,8,35,24,8,5,0.7
2023-11-24,150,12,138,25,8,17,15,5,10,50,30,20,12,8,35,24,8,5,0.7
2023-11-25,150,17,133,25,8,17,15,5,10,50,29,21,12,8,35,24,8,5,0.7
2023-11-26,150,50,100,25,13,12,15,8,7,50,36,14,12,8,35,24,8,5,0.7
2023-11-27,150,39,111,25,11,14,15,7,8,50,32,18,12,8,35,24,8,5,0.7
2023-11-28,150,7,143,25,7,18,15,5,10,50,29,21,12,8,35,24,8,5,0.7
2023-11-29,150,41,109,25,12,13,15,8,7,50,34,16,12,8,35,24,8,5,0.7
2023-11-30,150,59,91,25,13,12,15,8,7,50,34,16,12,8,35,24,8,5,0.7
2023-12-01,150,32,118,25,12,13,15,8,7,50,35,15,12,8,35,24,8,5,0.7
2023-12-02,150,74,76,25,15,10,15,9,6,50,37,13,12,8,35,24,8,5,0.7
2023-12-03,150,19,131,25,11,14,15,7,8,50,34,16,12,8,35,24,8,5,0.7
2023-12-04,150,73,77,25,15,10,15,9,6,50,37,13,12,8,35,24,8,5,0.7
2023-12-05,150,40,110,25,13,12,15,8,7,50,36,14,12,8,35,24,8,5,0.7
2023-12-06,150,55,95,25,13,12,15,8,7,50,34,16,12,8,35,24,8,5,0.7
2023-12-07,150,6,144,25,8,17,15,5,10,50,30,20,12,8,35,24,8,5,0.7
2023-12-08,150,19,131,25,10,15,15,6,9,50,33,17,12,8,35,24,8,5,0.7
2023-12-09,150,42,108,25,11,14,15,7,8,50,32,18,12,8,35,24,8,5,0.7
2023-12-10,150,46,104,25,11,14,15,7,8,50,31,19,12,8,35,24,8,5,0.7
2023-12-11,150,57,93,25,13,12,15,8,7,50,35,15,12,8,35,24,8,5,0.7
2023-12-12,150,44,106,25,12,13,15,8,7,50,34,16,12,8,35,24,8,5,0.7
2023-12-13,150,16,134,25,9,16,15,6,9,50,30,20,12,8,35,24,8,5,0.7
2023-12-14,150,36,114,25,11,14,15,7,8,50,34,16,12,8,35,24,8,5,0.7
2023-12-15,150,61,89,25,13,12,15,8,7,50,35,15,12,8,35,24,8,5,0.7
2023-12-16,150,39,111,25,11,14,15,7,8,50,32,18,12,8,35,24,8,5,0.7
2023-12-17,150,38,112,25,12,13,15,8,7,50,35,15,12,8,35,24,8,5,0.7
2023-12-18,150,51,99,25,14,11,15,9,6,50,38,12,12,8,35,24,8,5,0.7
2023-12-19,150,73,77,25,15,10,15,9,6,50,38,12,12,8,35,24,8,5,0.7
2023-12-20,150,50,100,25,14,11,15,9,6,50,37,13,12,8,35,24,8,5,0.7
2023-12-21,150,87,63,25,18,7,15,11,4,50,41,9,12,8,35,24,8,5,0.7
2023-12-22,150,19,131,25,9,16,15,6,9,50,30,20,12,8,35,24,8,5,0.7
2023-12-23,150,14,136,25,10,15,15,6,9,50,33,17,12,8,35,24,8,5,0.7
2023-12-24,150,60,90,25,14,11,15,9,6,50,37,13,12,8,35,24,8,5,0.7
2023-12-25,150,68,82,25,15,10,15,9,6,50,37,13,12,8,35,24,8,5,0.7
2023-12-26,150,56,94,25,14,11,15,9,6,50,36,14,12,8,35,24,8,5,0.7
2023-12-27,150,43,107,25,13,12,15,8,7,50,36,14,12,8,35,24,8,5,0.7
2023-12-28,150,61,89,25,14,11,15,9,6,50,36,14,12,8,35,24,8,5,0.7
2023-12-29,150,21,129,25,11,14,15,7,8,50,35,15,12,8,35,24,8,5,0.7
2023-12-30,150,27,123,25,10,15,15,6,9,50,33,17,12,8,35,24,8,5,0.7
2023-12-31,150,76,74,25,15,10,15,9,6,50,38,12,12,8,35,24,8,5,0.7
2024-01-01,150,48,102,25,12,13,15,8,7,50,33,17,12,8,35,24,8,5,0.7
2024-01-02,150,28,122,25,10,15,15,6,9,50,32,18,12,8,35,24,8,5,0.7
2024-01-03,150,31,119,25,11,14,15,7,8,50,34,16,12,8,35,24,8,5,0.7
2024-01-04,150,15,135,25,10,15,15,6,9,50,33,17,12,8,35,24,8,5,0.7
2024-01-05,150,37,113,25,12,13,15,8,7,50,35,15,12,8,35,24,8,5,0.7
2024-01-06,150,47,103,25,14,11,15,9,6,50,37,13,12,8,35,24,8,5,0.7
2024-01-07,150,46,104,25,13,12,15,8,7,50,35,15,12,8,35,24,8,5,0.7
2024-01-08,150,32,118,25,11,14,15,7,8,50,33,17,12,8,35,24,8,5,0.7
2024-01-09,150,62,88,25,14,11,15,9,6,50,35,15,12,8,35,24,8,5,0.7
2024-01-10,150,54,96,25,14,11,15,9,6,50,38,12,12,8,35,24,8,5,0.7
2024-01-11,150,57,93,25,15,10,15,9,6,50,38,12,12,8,35,24,8,5,0.7
2024-01-12,150,31,119,25,12,13,15,8,7,50,36,14,12,8,35,24,8,5,0.7
2024-01-13,150,47,103,25,14,11,15,9,6,50,37,13,12,8,35,24,8,5,0.7
2024-01-14,150,12,138,25,9,16,15,6,9,50,32,18,12,8,35,24,8,5,0.7
2024-01-15,150,52,98,25,14,11,15,9,6,50,36,14,12,8,35,24,8,5,0.7
2024-01-16,150,83,67,25,17,8,15,11,4,50,41,9,12,8,35,24,8,5,0.7
2024-01-17,150,32,118,25,11,14,15,7,8,50,33,17,12,8,35,24,8,5,0.7
2024-01-18,150,24,126,25,9,16,15,6,9,50,31,19,12,8,35,24,8,5,0.7
2024-01-19,150,65,85,25,14,11,15,9,6,50,36,14,12,8,35,24,8,5,0.7
2024-01-20,150,21,129,25,10,15,15,6,9,50,33,17,12,8,35,24,8,5,0.7
2024-01-21,150,59,91,25,15,10,15,9,6,50,38,12,12,8,35,24,8,5,0.7
2024-01-22,150,59,91,25,16,9,15,10,5,50,40,10,12,11,35,32,8,7,0.925
2024-01-23,150,81,69,25,18,7,15,11,4,50,42,8,12,11,35,32,8,7,0.925
2024-01-24,150,85,65,25,18,7,15,11,4,50,42,8,12,11,35,32,8,7,0.925
2024-01-25,150,66,84,25,16,9,15,10,5,50,41,9,12,11,35,32,8,7,0.925
2024-01-26,150,68,82,25,16,9,15,10,5,50,40,10,12,11,35,32,8,7,0.925
2024-01-27,150,72,78,25,17,8,15,11,4,50,41,9,12,11,35,32,8,7,0.925
2024-01-28,150,57,93,25,15,10,15,9,6,50,39,11,12,11,35,32,8,7,0.925
2024-01-29,150,72,78,25,17,8,15,11,4,50,41,9,12,11,35,32,8,7,0.925
2024-01-30,150,68,82,25,17,8,15,11,4,50,41,9,12,11,35,32,8,7,0.925
2024-01-31,150,62,88,25,16,9,15,10,5,50,40,10,12,11,35,32,8,7,0.925
2024-02-01,150,60,90,25,16,9,15,10,5,50,40,10,12,11,35,32,8,7,0.925
2024-02-02,150,21,129,25,11,14,15,7,8,50,35,15,12,11,35,32,8,7,0.925
2024-02-03,150,81,69,25,18,7,15,11,4,50,42,8,12,11,35,32,8,7,0.925
2024-02-04,150,90,60,25,19,6,15,12,3,50,43,7,12,11,35,32,8,7,0.925
2024-02-05,150,73,77,25,17,8,15,11,4,50,41,9,12,11,35,32,8,7,0.925
2024-02-06,150,53,97,25,15,10,15,9,6,50,40,10,12,11,35,32,8,7,0.925
2024-02-07,150,22,128,25,12,13,15,8,7,50,36,14,12,11,35,32,8,7,0.925
2024-02-08,150,76,74,25,17,8,15,11,4,50,41,9,12,11,35,32,8,7,0.925
2024-02-09,150,27,123,25,13,12,15,8,7,50,37,13,12,11,35,32,8,7,0.925
2024-02-10,150,68,82,25,17,8,15,11,4,50,41,9,12,11,35,32,8,7,0.925
2024-02-11,150,38,112,25,14,11,15,9,6,50,38,12,12,11,35,32,8,7,0.925
2024-02-12,150,21,129,25,12,13,15,8,7,50,36,14,12,11,35,32,8,7,0.925
2024-02-13,150,86,64,25,18,7,15,11,4,50,43,7,12,11,35,32,8,7,0.925
2024-02-14,150,47,103,25,14,11,15,9,6,50,39,11,12,11,35,32,8,7,0.925
2024-02-15,150,66,84,25,16,9,15,10,5,50,40,10,12,11,35,32,8,7,0.925
2024-02-16,150,94,56,25,20,5,15,12,3,50,44,6,12,11,35,32,8,7,0.925
2024-02-17,150,39,111,25,13,12,15,8,7,50,38,12,12,11,35,32,8,7,0.925
2024-02-18,150,46,104,25,14,11,15,9,6,50,39,11,12,11,35,32,8,7,0.925
2024-02-19,150,50,100,25,15,10,15,9,6,50,39,11,12,11,35,32,8,7,0.925
2024-02-20,150,23,127,25,12,13,15,8,7,50,36,14,12,11,35,32,8,7,0.925
2024-02-21,150,49,101,25,15,10,15,9,6,50,39,11,12,11,35,32,8,7,0.925
2024-02-22,150,87,63,25,19,6,15,12,3,50,43,7,12,11,35,32,8,7,0.925
2024-02-23,150,69,81,25,17,8,15,11,4,50,42,8,12,11,35,32,8,7,0.925
2024-02-24,150,71,79,25,17,8,15,11,4,50,42,8,12,11,35,32,8,7,0.925
2024-02-25,150,60,90,25,16,9,15,10,5,50,41,9,12,11,35,32,8,7,0.925
2024-02-26,150,58,92,25,16,9,15,10,5,50,40,10,12,11,35,32,8,7,0.925
2024-02-27,150,47,103,25,14,11,15,9,6,50,39,11,12,11,35,32,8,7,0.925
2024-02-28,150,68,82,25,17,8,15,11,4,50,41,9,12,11,35,32,8,7,0.925
2024-02-29,150,65,85,25,16,9,15,10,5,50,40,10,12,11,35,32,8,7,0.925
2024-03-01,150,69,81,25,17,8,15,11,4,50,41,9,12,11,35,32,8,7,0.925
2024-03-02,150,79,71,25,18,7,15,11,4,50,42,8,12,11,35,32,8,7,0.925
2024-03-03,150,79,71,25,18,7,15,11,4,50,43,7,12,11,35,32,8,7,0.925
2024-03-04,150,80,70,25,18,7,15,11,4,50,42,8,12,11,35,32,8,7,0.925
2024-03-05,150,81,69,25,18,7,15,11,4,50,42,8,12,11,35,32,8,7,0.925
2024-03-06,150,46,104,25,15,10,15,9,6,50,39,11,12,11,35,32,8,7,0.925
2024-03-07,150,31,119,25,13,12,15,8,7,50,38,12,12,11,35,32,8,7,0.925
2024-03-08,150,86,64,25,19,6,15,12,3,50,43,7,12,11,35,32,8,7,0.925
2024-03-09,150,82,68,25,18,7,15,11,4,50,43,7,12,11,35,32,8,7,0.925
2024-03-10,150,57,93,25,15,10,15,9,6,50,40,10,12,11,35,32,8,7,0.925
2024-03-11,150,47,103,25,14,11,15,9,6,50,39,11,12,11,35,32,8,7,0.925
2024-03-12,150,59,91,25,16,9,15,10,5,50,40,10,12,11,35,32,8,7,0.925
2024-03-13,150,71,79,25,17,8,15,11,4,50,42,8,12,11,35,32,8,7,0.925
2024-03-14,150,39,111,25,14,11,15,9,6,50,38,12,12,11,35,32,8,7,0.925
2024-03-15,150,52,98,25,15,10,15,9,6,50,40,10,12,11,35,32,8,7,0.925
2024-03-16,150,71,79,25,17,8,15,11,4,50,42,8,12,11,35,32,8,7,0.925
2024-03-17,150,25,125,25,13,12,15,8,7,50,37,13,12,11,35,32,8,7,0.925
2024-03-18,150,32,118,25,13,12,15,8,7,50,38,12,12,11,35,32,8,7,0.925
2024-03-19,150,61,89,25,16,9,15,10,5,50,41,9,12,11,35,32,8,7,0.925
2024-03-20,150,63,87,25,16,9,15,10,5,50,41,9,12,11,35,32,8,7,0.925
2024-03-21,150,61,89,25,16,9,15,10,5,50,40,10,12,11,35,32,8,7,0.925
2024-03-22,150,59,91,25,16,9,15,10,5,50,41,9,12,11,35,32,8,7,0.925
2024-03-23,150,41,109,25,14,11,15,9,6,50,39,11,12,11,35,32,8,7,0.925
2024-03-24,150,82,68,25,18,7,15,11,4,50,43,7,12,11,35,32,8,7,0.925
2024-03-25,150,91,59,25,19,6,15,12,3,50,44,6,12,11,35,32,8,7,0.925
2024-03-26,150,32,118,25,13,12,15,8,7,50,38,12,12,11,35,32,8,7,0.925
2024-03-27,150,79,71,25,18,7,15,11,4,50,43,7,12,11,35,32,8,7,0.925
2024-03-28,150,43,107,25,14,11,15,9,6,50,39,11,12,11,35,32,8,7,0.925
2024-03-29,150,58,92,25,16,9,15,10,5,50,41,9,12,11,35,32,8,7,0.925
2024-03-30,150,49,101,25,15,10,15,9,6,50,39,11,12,11,35,32,8,7,0.925
2024-03-31,150,34,116,25,13,12,15,8,7,50,38,12,12,11,35,32,8,7,0.925
2024-04-01,150,47,103,25,15,10,15,9,6,50,40,10,12,11,35,32,8,7,0.925
2024-04-02,150,72,78,25,17,8,15,11,4,50,42,8,12,11,35,32,8,7,0.925
2024-04-03,150,36,114,25,14,11,15,9,6,50,38,12,12,11,35,32,8,7,0.925
2024-04-04,150,50,100,25,15,10,15,9,6,50,39,11,12,11,35,32,8,7,0.925
2024-04-05,150,40,110,25,14,11,15,9,6,50,39,11,12,11,35,32,8,7,0.925
2024-04-06,150,75,75,25,17,8,15,11,4,50,41,9,12,11,35,32,8,7,0.925
2024-04-07,150,48,102,25,15,10,15,9,6,50,39,11,12,11,35,32,8,7,0.925
2024-04-08,150,53,97,25,15,10,15,9,6,50,40,10,12,11,35,32,8,7,0.925
2024-04-09,150,58,92,25,16,9,15,10,5,50,40,10,12,11,35,32,8,7,0.925
2024-04-10,150,49,101,25,15,10,15,9,6,50,39,11,12,11,35,32,8,7,0.925
2024-04-11,150,43,107,25,14,11,15,9,6,50,39,11,12,11,35,32,8,7,0.925
2024-04-12,150,34,116,25,14,11,15,9,6,50,38,12,12,11,35,32,8,7,0.925
2024-04-13,150,62,88,25,16,9,15,10,5,50,41,9,12,11,35,32,8,7,0.925
2024-04-14,150,92,58,25,19,6,15,12,3,50,44,6,12,11,35,32,8,7,0.925
2024-04-15,150,49,101,25,15,10,15,9,6,50,39,11,12,11,35,32,8,7,0.925
2024-04-16,150,63,87,25,16,9,15,10,5,50,41,9,12,11,35,32,8,7,0.925
2024-04-17,150,23,127,25,12,13,15,8,7,50,37,13,12,11,35,32,8,7,0.925
2024-04-18,150,33,117,25,13,12,15,8,7,50,38,12,12,11,35,32,8,7,0.925
2024-04-19,150,82,68,25,18,7,15,11,4,50,42,8,12,11,35,32,8,7,0.925
2024-04-20,150,46,104,25,15,10,15,9,6,50,39,11,12,11,35,32,8,7,0.925
2024-04-21,150,92,58,25,19,6,15,12,3,50,44,6,12,11,35,32,8,7,0.925
2024-04-22,150,73,77,25,17,8,15,11,4,50,42,8,12,11,35,32,8,7,0.925
2024-04-23,150,23,127,25,12,13,15,8,7,50,37,13,12,9,35,28,8,6,0.82
2024-04-24,150,72,78,25,17,8,15,11,4,50,41,9,12,9,35,28,8,6,0.82
2024-04-25,150,57,93,25,15,10,15,9,6,50,39,11,12,9,35,28,8,6,0.82
2024-04-26,150,74,76,25,17,8,15,11,4,50,41,9,12,9,35,28,8,6,0.82
2024-04-27,150,65,85,25,16,9,15,10,5,50,40,10,12,9,35,28,8,6,0.82
2024-04-28,150,54,96,25,15,10,15,9,6,50,39,11,12,9,35,28,8,6,0.82
2024-04-29,150,26,124,25,13,12,15,8,7,50,37,13,12,9,35,28,8,6,0.82
2024-04-30,150,78,72,25,18,7,15,11,4,50,42,8,12,9,35,28,8,6,0.82
2024-05-01,150,74,76,25,17,8,15,11,4,50,41,9,12,9,35,28,8,6,0.82
2024-05-02,150,50,100,25,15,10,15,9,6,50,39,11,12,9,35,28,8,6,0.82
2024-05-03,150,71,79,25,17,8,15,11,4,50,41,9,12,9,35,28,8,6,0.82
2024-05-04,150,21,129,25,12,13,15,8,7,50,36,14,12,9,35,28,8,6,0.82
2024-05-05,150,67,83,25,17,8,15,11,4,50,41,9,12,9,35,28,8,6,0.82
2024-05-06,150,62,88,25,16,9,15,10,5,50,40,10,12,9,35,28,8,6,0.82
2024-05-07,150,68,82,25,16,9,15,10,5,50,40,10,12,9,35,28,8,6,0.82
2024-05-08,150,76,74,25,18,7,15,11,4,50,42,8,12,9,35,28,8,6,0.82
2024-05-09,150,57,93,25,16,9,15,10,5,50,40,10,12,9,35,28,8,6,0.82
2024-05-10,150,67,83,25,17,8,15,11,4,50,41,9,12,9,35,28,8,6,0.82
2024-05-11,150,84,66,25,18,7,15,11,4,50,42,8,12,9,35,28,8,6,0.82
2024-05-12,150,85,65,25,18,7,15,11,4,50,43,7,12,9,35,28,8,6,0.82
2024-05-13,150,83,67,25,18,7,15,11,4,50,43,7,12,9,35,28,8,6,0.82
2024-05-14,150,54,96,25,15,10,15,9,6,50,39,11,12,9,35,28,8,6,0.82
2024-05-15,150,73,77,25,17,8,15,11,4,50,41,9,12,9,35,28,8,6,0.82
2024-05-16,150,56,94,25,15,10,15,9,6,50,40,10,12,9,35,28,8,6,0.82
2024-05-17,150,43,107,25,14,11,15,9,6,50,38,12,12,9,35,28,8,6,0.82
2024-05-18,150,59,91,25,15,10,15,9,6,50,39,11,12,9,35,28,8,6,0.82
2024-05-19,150,74,76,25,17,8,15,11,4,50,41,9,12,9,35,28,8,6,0.82
2024-05-20,150,65,85,25,16,9,15,10,5,50,40,10,12,9,35,28,8,6,0.82
2024-05-21,150,26,124,25,12,13,15,8,7,50,37,13,12,9,35,28,8,6,0.82
2024-05-22,150,41,109,25,14,11,15,9,6,50,38,12,12,9,35,28,8,6,0.82
2024-05-23,150,37,113,25,13,12,15,8,7,50,37,13,12,9,35,28,8,6,0.82
2024-05-24,150,75,75,25,17,8,15,11,4,50,41,9,12,9,35,28,8,6,0.82
2024-05-25,150,49,101,25,15,10,15,9,6,50,39,11,12,9,35,28,8,6,0.82
2024-05-26,150,38,112,25,14,11,15,9,6,50,38,12,12,9,35,28,8,6,0.82
2024-05-27,150,84,66,25,18,7,15,11,4,50,42,8,12,9,35,28,8,6,0.82
2024-05-28,150,49,101,25,15,10,15,9,6,50,39,11,12,9,35,28,8,6,0.82
2024-05-29,150,80,70,25,18,7,15,11,4,50,42,8,12,9,35,28,8,6,0.82
2024-05-30,150,61,89,25,16,9,15,10,5,50,40,10,12,9,35,28,8,6,0.82
2024-05-31,150,46,104,25,14,11,15,9,6,50,39,11,12,9,35,28,8,6,0.82
2024-06-01,150,24,126,25,12,13,15,8,7,50,36,14,12,9,35,28,8,6,0.82
2024-06-02,150,29,121,25,12,13,15,8,7,50,37,13,12,9,35,28,8,6,0.82
2024-06-03,150,18,132,25,11,14,15,7,8,50,35,15,12,9,35,28,8,6,0.82
2024-06-04,150,66,84,25,16,9,15,10,5,50,41,9,12,9,35,28,8,6,0.82
2024-06-05,150,81,69,25,18,7,15,11,4,50,42,8,12,9,35,28,8,6,0.82
2024-06-06,150,37,113,25,13,12,15,8,7,50,38,12,12,9,35,28,8,6,0.82
2024-06-07,150,64,86,25,16,9,15,10,5,50,40,10,12,9,35,28,8,6,0.82
2024-06-08,150,48,102,25,15,10,15,9,6,50,39,11,12,9,35,28,8,6,0.82
2024-06-09,150,51,99,25,15,10,15,9,6,50,39,11,12,9,35,28,8,6,0.82
2024-06-10,150,29,121,25,12,13,15,8,7,50,36,14,12,9,35,28,8,6,0.82
2024-06-11,150,25,125,25,12,13,15,8,7,50,35,15,12,9,35,28,8,6,0.82
2024-06-12,150,44,106,25,13,12,15,8,7,50,37,13,12,9,35,28,8,6,0.82
2024-06-13,150,63,87,25,16,9,15,10,5,50,40,10,12,9,35,28,8,6,0.82
2024-06-14,150,28,122,25,13,12,15,8,7,50,37,13,12,9,35,28,8,6,0.82
2024-06-15,150,54,96,25,15,10,15,9,6,50,39,11,12,9,35,28,8,6,0.82
2024-06-16,150,55,95,25,15,10,15,9,6,50,39,11,12,9,35,28,8,6,0.82
2024-06-17,150,31,119,25,13,12,15,8,7,50,37,13,12,9,35,28,8,6,0.82
2024-06-18,150,72,78,25,17,8,15,11,4,50,42,8,12,9,35,28,8,6,0.82
2024-06-19,150,66,84,25,16,9,15,10,5,50,40,10,12,9,35,28,8,6,0.82
2024-06-20,150,16,134,25,11,14,15,7,8,50,34,16,12,9,35,28,8,6,0.82
2024-06-21,150,61,89,25,15,10,15,9,6,50,39,11,12,9,35,28,8,6,0.82
2024-06-22,150,36,114,25,13,12,15,8,7,50,37,13,12,9,35,28,8,6,0.82
2024-06-23,150,41,109,25,14,11,15,9,6,50,38,12,12,9,35,28,8,6,0.82
2024-06-24,150,50,100,25,14,11,15,9,6,50,38,12,12,9,35,28,8,6,0.82
2024-06-25,150,53,97,25,15,10,15,9,6,50,40,10,12,9,35,28,8,6,0.82
2024-06-26,150,66,84,25,16,9,15,10,5,50,40,10,12,9,35,28,8,6,0.82
2024-06-27,150,36,114,25,13,12,15,8,7,50,38,12,12,9,35,28,8,6,0.82
2024-06-28,150,50,100,25,14,11,15,9,6,50,38,12,12,9,35,28,8,6,0.82
2024-06-29,150,71,79,25,16,9,15,10,5,50,39,11,12,9,35,28,8,6,0.82
2024-06-30,150,31,119,25,13,12,15,8,7,50,37,13,12,9,35,28,8,6,0.82
2024-07-01,150,51,99,25,15,10,15,9,6,50,39,11,12,9,35,28,8,6,0.82
2024-07-02,150,76,74,25,17,8,15,11,4,50,41,9,12,9,35,28,8,6,0.82
2024-07-03,150,79,71,25,18,7,15,11,4,50,42,8,12,9,35,28,8,6,0.82
2024-07-04,150,79,71,25,17,8,15,11,4,50,41,9,12,9,35,28,8,6,0.82
2024-07-05,150,27,123,25,13,12,15,8,7,50,37,13,12,9,35,28,8,6,0.82
2024-07-06,150,88,62,25,18,7,15,11,4,50,42,8,12,9,35,28,8,6,0.82
2024-07-07,150,85,65,25,18,7,15,11,4,50,43,7,12,9,35,28,8,6,0.82
2024-07-08,150,52,98,25,14,11,15,9,6,50,38,12,12,9,35,28,8,6,0.82
2024-07-09,150,76,74,25,17,8,15,11,4,50,40,10,12,9,35,28,8,6,0.82
2024-07-10,150,28,122,25,12,13,15,8,7,50,36,14,12,9,35,28,8,6,0.82
2024-07-11,150,19,131,25,11,14,15,7,8,50,34,16,12,9,35,28,8,6,0.82
2024-07-12,150,41,109,25,14,11,15,9,6,50,37,13,12,9,35,28,8,6,0.82
2024-07-13,150,27,123,25,12,13,15,8,7,50,36,14,12,9,35,28,8,6,0.82
2024-07-14,150,57,93,25,15,10,15,9,6,50,39,11,12,9,35,28,8,6,0.82
2024-07-15,150,59,91,25,15,10,15,9,6,50,38,12,12,9,35,28,8,6,0.82
2024-07-16,150,65,85,25,15,10,15,9,6,50,38,12,12,9,35,28,8,6,0.82
2024-07-17,150,75,75,25,17,8,15,11,4,50,40,10,12,9,35,28,8,6,0.82
2024-07-18,150,28,122,25,12,13,15,8,7,50,35,15,12,9,35,28,8,6,0.82
2024-07-19,150,53,97,25,15,10,15,9,6,50,39,11,12,9,35,28,8,6,0.82
2024-07-20,150,33,117,25,12,13,15,8,7,50,36,14,12,9,35,28,8,6,0.82
2024-07-21,150,35,115,25,12,13,15,8,7,50,36,14,12,9,35,28,8,6,0.82
2024-07-22,150,55,95,25,15,10,15,9,6,50,38,12,12,9,35,28,8,6,0.82
2024-07-23,150,21,129,25,12,13,15,8,7,50,36,14,12,9,35,28,8,6,0.82
2024-07-24,150,71,79,25,15,10,15,9,6,50,38,12,12,8,35,25,8,5,0.73
2024-07-25,150,43,107,25,14,11,15,9,6,50,38,12,12,8,35,25,8,5,0.73
2024-07-26,150,65,85,25,15,10,15,9,6,50,39,11,12,8,35,25,8,5,0.73
2024-07-27,150,46,104,25,14,11,15,9,6,50,37,13,12,8,35,25,8,5,0.73
2024-07-28,150,65,85,25,16,9,15,10,5,50,40,10,12,8,35,25,8,5,0.73
2024-07-29,150,28,122,25,12,13,15,8,7,50,36,14,12,8,35,25,8,5,0.73
2024-07-30,150,31,119,25,12,13,15,8,7,50,35,15,12,8,35,25,8,5,0.73
2024-07-31,150,16,134,25,10,15,15,6,9,50,32,18,12,8,35,25,8,5,0.73
2024-08-01,150,59,91,25,15,10,15,9,6,50,39,11,12,8,35,25,8,5,0.73
2024-08-02,150,77,73,25,17,8,15,11,4,50,41,9,12,8,35,25,8,5,0.73
2024-08-03,150,50,100,25,14,11,15,9,6,50,38,12,12,8,35,25,8,5,0.73
2024-08-04,150,49,101,25,13,12,15,8,7,50,36,14,12,8,35,25,8,5,0.73
2024-08-05,150,83,67,25,17,8,15,11,4,50,41,9,12,8,35,25,8,5,0.73
2024-08-06,150,80,70,25,16,9,15,10,5,50,39,11,12,8,35,25,8,5,0.73
2024-08-07,150,28,122,25,12,13,15,8,7,50,35,15,12,8,35,25,8,5,0.73
2024-08-08,150,70,80,25,16,9,15,10,5,50,40,10,12,8,35,25,8,5,0.73
2024-08-09,150,52,98,25,13,12,15,8,7,50,36,14,12,8,35,25,8,5,0.73
2024-08-10,150,76,74,25,16,9,15,10,5,50,40,10,12,8,35,25,8,5,0.73
2024-08-11,150,51,99,25,14,11,15,9,6,50,38,12,12,8,35,25,8,5,0.73
2024-08-12,150,16,134,25,10,15,15,6,9,50,33,17,12,8,35,25,8,5,0.73
2024-08-13,150,57,93,25,14,11,15,9,6,50,37,13,12,8,35,25,8,5,0.73
2024-08-14,150,49,101,25,13,12,15,8,7,50,36,14,12,8,35,25,8,5,0.73
2024-08-15,150,20,130,25,11,14,15,7,8,50,34,16,12,8,35,25,8,5,0.73
2024-08-16,150,87,63,25,18,7,15,11,4,50,42,8,12,8,35,25,8,5,0.73
2024-08-17,150,72,78,25,16,9,15,10,5,50,39,11,12,8,35,25,8,5,0.73
2024-08-18,150,69,81,25,16,9,15,10,5,50,41,9,12,8,35,25,8,5,0.73
2024-08-19,150,77,73,25,15,10,15,9,6,50,37,13,12,8,35,25,8,5,0.73
2024-08-20,150,30,120,25,12,13,15,8,7,50,35,15,12,8,35,25,8,5,0.73
2024-08-21,150,73,77,25,15,10,15,9,6,50,37,13,12,8,35,25,8,5,0.73
2024-08-22,150,26,124,25,11,14,15,7,8,50,34,16,12,8,35,25,8,5,0.73
2024-08-23,150,34,116,25,11,14,15,7,8,50,33,17,12,8,35,25,8,5,0.73
2024-08-24,150,36,114,25,12,13,15,8,7,50,35,15,12,8,35,25,8,5,0.73
2024-08-25,150,45,105,25,12,13,15,8,7,50,35,15,12,8,35,25,8,5,0.73
2024-08-26,150,69,81,25,15,10,15,9,6,50,37,13,12,8,35,25,8,5,0.73
2024-08-27,150,55,95,25,13,12,15,8,7,50,35,15,12,8,35,25,8,5,0.73
2024-08-28,150,33,117,25,12,13,15,8,7,50,34,16,12,8,35,25,8,5,0.73
2024-08-29,150,71,79,25,16,9,15,10,5,50,40,10,12,8,35,25,8,5,0.73
2024-08-30,150,78,72,25,16,9,15,10,5,50,39,11,12,8,35,25,8,5,0.73
2024-08-31,150,66,84,25,16,9,15,10,5,50,39,11,12,8,35,25,8,5,0.73
2024-09-01,150,35,115,25,12,13,15,8,7,50,34,16,12,8,35,25,8,5,0.73
2024-09-02,150,70,80,25,16,9,15,10,5,50,40,10,12,8,35,25,8,5,0.73
2024-09-03,150,57,93,25,14,11,15,9,6,50,38,12,12,8,35,25,8,5,0.73
2024-09-04,150,21,129,25,10,15,15,6,9,50,32,18,12,8,35,25,8,5,0.73
2024-09-05,150,36,114,25,12,13,15,8,7,50,34,16,12,8,35,25,8,5,0.73
2024-09-06,150,23,127,25,12,13,15,8,7,50,35,15,12,8,35,25,8,5,0.73
2024-09-07,150,12,138,25,10,15,15,6,9,50,33,17,12,8,35,25,8,5,0.73
2024-09-08,150,59,91,25,14,11,15,9,6,50,37,13,12,8,35,25,8,5,0.73
2024-09-09,150,18,132,25,11,14,15,7,8,50,35,15,12,8,35,25,8,5,0.73
2024-09-10,150,18,132,25,10,15,15,6,9,50,33,17,12,8,35,25,8,5,0.73
2024-09-11,150,22,128,25,10,15,15,6,9,50,32,18,12,8,35,25,8,5,0.73
2024-09-12,150,34,116,25,12,13,15,8,7,50,36,14,12,8,35,25,8,5,0.73
2024-09-13,150,54,96,25,13,12,15,8,7,50,35,15,12,8,35,25,8,5,0.73
2024-09-14,150,69,81,25,14,11,15,9,6,50,36,14,12,8,35,25,8,5,0.73
2024-09-15,150,83,67,25,17,8,15,11,4,50,41,9,12,8,35,25,8,5,0.73
2024-09-16,150,34,116,25,11,14,15,7,8,50,34,16,12,8,35,25,8,5,0.73
2024-09-17,150,71,79,25,16,9,15,10,5,50,39,11,12,8,35,25,8,5,0.73
2024-09-18,150,61,89,25,14,11,15,9,6,50,37,13,12,8,35,25,8,5,0.73
2024-09-19,150,44,106,25,13,12,15,8,7,50,36,14,12,8,35,25,8,5,0.73
2024-09-20,150,74,76,25,15,10,15,9,6,50,38,12,12,8,35,25,8,5,0.73
2024-09-21,150,60,90,25,15,10,15,9,6,50,39,11,12,11,35,33,8,7,0.955
2024-09-22,150,61,89,25,16,9,15,10,5,50,39,11,12,11,35,33,8,7,0.955
2024-09-23,150,81,69,25,17,8,15,11,4,50,41,9,12,11,35,33,8,7,0.955
2024-09-24,150,70,80,25,16,9,15,10,5,50,40,10,12,11,35,33,8,7,0.955
2024-09-25,150,34,116,25,13,12,15,8,7,50,37,13,12,11,35,33,8,7,0.955
2024-09-26,150,50,100,25,15,10,15,9,6,50,39,11,12,11,35,33,8,7,0.955
2024-09-27,150,82,68,25,17,8,15,11,4,50,41,9,12,11,35,33,8,7,0.955
2024-09-28,150,87,63,25,18,7,15,11,4,50,42,8,12,11,35,33,8,7,0.955
2024-09-29,150,83,67,25,18,7,15,11,4,50,41,9,12,11,35,33,8,7,0.955
2024-09-30,150,33,117,25,13,12,15,8,7,50,37,13,12,11,35,33,8,7,0.955
2024-10-01,150,46,104,25,14,11,15,9,6,50,38,12,12,11,35,33,8,7,0.955
2024-10-02,150,50,100,25,14,11,15,9,6,50,37,13,12,11,35,33,8,7,0.955
2024-10-03,150,47,103,25,14,11,15,9,6,50,38,12,12,11,35,33,8,7,0.955
2024-10-04,150,33,117,25,12,13,15,8,7,50,35,15,12,11,35,33,8,7,0.955
2024-10-05,150,68,82,25,16,9,15,10,5,50,40,10,12,11,35,33,8,7,0.955
2024-10-06,150,41,109,25,14,11,15,9,6,50,38,12,12,11,35,33,8,7,0.955
2024-10-07,150,85,65,25,17,8,15,11,4,50,41,9,12,11,35,33,8,7,0.955
2024-10-08,150,77,73,25,17,8,15,11,4,50,42,8,12,11,35,33,8,7,0.955
2024-10-09,150,78,72,25,17,8,15,11,4,50,41,9,12,11,35,33,8,7,0.955
2024-10-10,150,26,124,25,12,13,15,8,7,50,35,15,12,11,35,33,8,7,0.955
2024-10-11,150,87,63,25,18,7,15,11,4,50,42,8,12,11,35,33,8,7,0.955
2024-10-12,150,66,84,25,16,9,15,10,5,50,39,11,12,11,35,33,8,7,0.955
2024-10-13,150,26,124,25,12,13,15,8,7,50,37,13,12,11,35,33,8,7,0.955
2024-10-14,150,19,131,25,11,14,15,7,8,50,34,16,12,11,35,33,8,7,0.955
2024-10-15,150,37,113,25,13,12,15,8,7,50,37,13,12,11,35,33,8,7,0.955
2024-10-16,150,74,76,25,17,8,15,11,4,50,41,9,12,11,35,33,8,7,0.955
2024-10-17,150,52,98,25,15,10,15,9,6,50,39,11,12,11,35,33,8,7,0.955
2024-10-18,150,58,92,25,16,9,15,10,5,50,40,10,12,11,35,33,8,7,0.955
2024-10-19,150,83,67,25,18,7,15,11,4,50,42,8,12,11,35,33,8,7,0.955
2024-10-20,150,86,64,25,18,7,15,11,4,50,42,8,12,11,35,33,8,7,0.955
2024-10-21,150,36,114,25,13,12,15,8,7,50,37,13,12,11,35,33,8,7,0.955
2024-10-22,150,31,119,25,12,13,15,8,7,50,36,14,12,11,35,33,8,7,0.955
2024-10-23,150,24,126,25,12,13,15,8,7,50,36,14,12,11,35,33,8,7,0.955
2024-10-24,150,42,108,25,13,12,15,8,7,50,37,13,12,11,35,33,8,7,0.955
2024-10-25,150,28,122,25,12,13,15,8,7,50,36,14,12,11,35,33,8,7,0.955
2024-10-26,150,73,77,25,17,8,15,11,4,50,41,9,12,11,35,33,8,7,0.955
2024-10-27,150,21,129,25,12,13,15,8,7,50,36,14,12,11,35,33,8,7,0.955
2024-10-28,150,51,99,25,15,10,15,9,6,50,39,11,12,11,35,33,8,7,0.955
2024-10-29,150,24,126,25,12,13,15,8,7,50,36,14,12,11,35,33,8,7,0.955
2024-10-30,150,70,80,25,16,9,15,10,5,50,40,10,12,11,35,33,8,7,0.955
2024-10-31,150,68,82,25,16,9,15,10,5,50,40,10,12,11,35,33,8,7,0.955
2024-11-01,150,77,73,25,17,8,15,11,4,50,40,10,12,11,35,33,8,7,0.955
2024-11-02,150,26,124,25,12,13,15,8,7,50,37,13,12,11,35,33,8,7,0.955
2024-11-03,150,46,104,25,14,11,15,9,6,50,38,12,12,11,35,33,8,7,0.955
2024-11-04,150,74,76,25,17,8,15,11,4,50,41,9,12,11,35,33,8,7,0.955
2024-11-05,150,29,121,25,13,12,15,8,7,50,37,13,12,11,35,33,8,7,0.955
2024-11-06,150,77,73,25,17,8,15,11,4,50,41,9,12,11,35,33,8,7,0.955
2024-11-07,150,53,97,25,15,10,15,9,6,50,39,11,12,11,35,33,8,7,0.955
2024-11-08,150,40,110,25,13,12,15,8,7,50,37,13,12,11,35,33,8,7,0.955
2024-11-09,150,60,90,25,15,10,15,9,6,50,39,11,12,11,35,33,8,7,0.955
2024-11-10,150,31,119,25,13,12,15,8,7,50,36,14,12,11,35,33,8,7,0.955
2024-11-11,150,33,117,25,13,12,15,8,7,50,37,13,12,11,35,33,8,7,0.955
2024-11-12,150,40,110,25,13,12,15,8,7,50,36,14,12,11,35,33,8,7,0.955
2024-11-13,150,32,118,25,13,12,15,8,7,50,37,13,12,11,35,33,8,7,0.955
2024-11-14,150,25,125,25,12,13,15,8,7,50,36,14,12,11,35,33,8,7,0.955
2024-11-15,150,59,91,25,16,9,15,10,5,50,40,10,12,11,35,33,8,7,0.955
2024-11-16,150,88,62,25,18,7,15,11,4,50,42,8,12,11,35,33,8,7,0.955
2024-11-17,150,60,90,25,15,10,15,9,6,50,39,11,12,11,35,33,8,7,0.955
2024-11-18,150,27,123,25,12,13,15,8,7,50,36,14,12,11,35,33,8,7,0.955
2024-11-19,150,77,73,25,18,7,15,11,4,50,42,8,12,11,35,33,8,7,0.955
2024-11-20,150,85,65,25,18,7,15,11,4,50,42,8,12,11,35,33,8,7,0.955
2024-11-21,150,40,110,25,13,12,15,8,7,50,37,13,12,11,35,33,8,7,0.955
2024-11-22,150,26,124,25,12,13,15,8,7,50,36,14,12,11,35,33,8,7,0.955
2024-11-23,150,56,94,25,15,10,15,9,6,50,40,10,12,11,35,33,8,7,0.955
2024-11-24,150,31,119,25,13,12,15,8,7,50,36,14,12,11,35,33,8,7,0.955
2024-11-25,150,55,95,25,15,10,15,9,6,50,39,11,12,11,35,33,8,7,0.955
2024-11-26,150,40,110,25,13,12,15,8,7,50,37,13,12,11,35,33,8,7,0.955
2024-11-27,150,38,112,25,13,12,15,8,7,50,37,13,12,11,35,33,8,7,0.955
2024-11-28,150,53,97,25,15,10,15,9,6,50,39,11,12,11,35,33,8,7,0.955
2024-11-29,150,84,66,25,18,7,15,11,4,50,42,8,12,11,35,33,8,7,0.955
2024-11-30,150,25,125,25,13,12,15,8,7,50,37,13,12,11,35,33,8,7,0.955
2024-12-01,150,43,107,25,14,11,15,9,6,50,38,12,12,11,35,33,8,7,0.955
2024-12-02,150,80,70,25,18,7,15,11,4,50,42,8,12,11,35,33,8,7,0.955
2024-12-03,150,47,103,25,15,10,15,9,6,50,39,11,12,11,35,33,8,7,0.955
2024-12-04,150,20,130,25,11,14,15,7,8,50,35,15,12,11,35,33,8,7,0.955
2024-12-05,150,88,62,25,19,6,15,12,3,50,43,7,12,11,35,33,8,7,0.955
2024-12-06,150,32,118,25,13,12,15,8,7,50,37,13,12,11,35,33,8,7,0.955
2024-12-07,150,27,123,25,12,13,15,8,7,50,37,13,12,11,35,33,8,7,0.955
2024-12-08,150,26,124,25,12,13,15,8,7,50,36,14,12,11,35,33,8,7,0.955
2024-12-09,150,80,70,25,18,7,15,11,4,50,42,8,12,11,35,33,8,7,0.955
2024-12-10,150,73,77,25,17,8,15,11,4,50,42,8,12,11,35,33,8,7,0.955
2024-12-11,150,78,72,25,18,7,15,11,4,50,42,8,12,11,35,33,8,7,0.955
2024-12-12,150,76,74,25,17,8,15,11,4,50,41,9,12,11,35,33,8,7,0.955
2024-12-13,150,86,64,25,18,7,15,11,4,50,42,8,12,11,35,33,8,7,0.955
2024-12-14,150,75,75,25,17,8,15,11,4,50,41,9,12,11,35,33,8,7,0.955
2024-12-15,150,87,63,25,18,7,15,11,4,50,42,8,12,11,35,33,8,7,0.955
2024-12-16,150,54,96,25,15,10,15,9,6,50,38,12,12,11,35,33,8,7,0.955
2024-12-17,150,77,73,25,17,8,15,11,4,50,42,8,12,11,35,33,8,7,0.955
2024-12-18,150,66,84,25,16,9,15,10,5,50,41,9,12,11,35,33,8,7,0.955
2024-12-19,150,57,93,25,15,10,15,9,6,50,39,11,12,11,35,33,8,7,0.955
2024-12-20,150,28,122,25,13,12,15,8,7,50,37,13,12,11,35,33,8,7,0.955
2024-12-21,150,26,124,25,12,13,15,8,7,50,36,14,12,11,35,33,8,7,0.955
2024-12-22,150,36,114,25,13,12,15,8,7,50,37,13,12,11,35,33,8,7,0.955
2024-12-23,150,26,124,25,12,13,15,8,7,50,36,14,12,11,35,33,8,7,0.955
2024-12-24,150,63,87,25,16,9,15,10,5,50,41,9,12,11,35,33,8,7,0.955
2024-12-25,150,53,97,25,14,11,15,9,6,50,38,12,12,11,35,33,8,7,0.955
2024-12-26,150,84,66,25,18,7,15,11,4,50,41,9,12,11,35,33,8,7,0.955
2024-12-27,150,29,121,25,12,13,15,8,7,50,37,13,12,11,35,33,8,7,0.955
2024-12-28,150,52,98,25,15,10,15,9,6,50,39,11,12,11,35,33,8,7,0.955
2024-12-29,150,48,102,25,14,11,15,9,6,50,38,12,12,11,35,33,8,7,0.955
2024-12-30,150,40,110,25,14,11,15,9,6,50,38,12,12,11,35,33,8,7,0.955
2024-12-31,150,79,71,25,17,8,15,11,4,50,42,8,12,11,35,33,8,7,0.955
2025-01-01,150,75,75,25,17,8,15,11,4,50,42,8,12,11,35,33,8,7,0.955
2025-01-02,150,53,97,25,15,10,15,9,6,50,39,11,12,11,35,33,8,7,0.955
2025-01-03,150,60,90,25,15,10,15,9,6,50,39,11,12,11,35,33,8,7,0.955
2025-01-04,150,31,119,25,12,13,15,8,7,50,36,14,12,11,35,33,8,7,0.955
2025-01-05,150,67,83,25,17,8,15,11,4,50,41,9,12,11,35,33,8,7,0.955
2025-01-06,150,51,99,25,15,10,15,9,6,50,39,11,12,11,35,33,8,7,0.955
2025-01-07,150,89,61,25,19,6,15,12,3,50,43,7,12,11,35,33,8,7,0.955
2025-01-08,150,40,110,25,14,11,15,9,6,50,38,12,12,11,35,33,8,7,0.955
2025-01-09,150,62,88,25,16,9,15,10,5,50,40,10,12,11,35,33,8,7,0.955
2025-01-10,150,39,111,25,14,11,15,9,6,50,38,12,12,11,35,33,8,7,0.955
2025-01-11,150,77,73,25,17,8,15,11,4,50,41,9,12,11,35,33,8,7,0.955
2025-01-12,150,44,106,25,14,11,15,9,6,50,38,12,12,11,35,33,8,7,0.955
2025-01-13,150,59,91,25,15,10,15,9,6,50,40,10,12,11,35,33,8,7,0.955
2025-01-14,150,41,109,25,14,11,15,9,6,50,38,12,12,11,35,33,8,7,0.955
2025-01-15,150,39,111,25,13,12,15,8,7,50,37,13,12,11,35,33,8,7,0.955
2025-01-16,150,69,81,25,16,9,15,10,5,50,41,9,12,11,35,33,8,7,0.955
2025-01-17,150,58,92,25,16,9,15,10,5,50,40,10,12,11,35,33,8,7,0.955
2025-01-18,150,62,88,25,16,9,15,10,5,50,40,10,12,11,35,33,8,7,0.955
2025-01-19,150,48,102,25,15,10,15,9,6,50,39,11,12,11,35,33,8,7,0.955
2025-01-20,150,60,90,25,15,10,15,9,6,50,39,11,12,11,35,33,8,7,0.955
2025-01-21,150,46,104,25,14,11,15,9,6,50,38,12,12,11,35,34,8,7,0.985
2025-01-22,150,79,71,25,18,7,15,11,4,50,42,8,12,11,35,34,8,7,0.985
2025-01-23,150,46,104,25,14,11,15,9,6,50,39,11,12,11,35,34,8,7,0.985
2025-01-24,150,77,73,25,18,7,15,11,4,50,42,8,12,11,35,34,8,7,0.985
2025-01-25,150,39,111,25,14,11,15,9,6,50,39,11,12,11,35,34,8,7,0.985
2025-01-26,150,25,125,25,12,13,15,8,7,50,36,14,12,11,35,34,8,7,0.985
2025-01-27,150,71,79,25,17,8,15,11,4,50,42,8,12,11,35,34,8,7,0.985
2025-01-28,150,29,121,25,13,12,15,8,7,50,37,13,12,11,35,34,8,7,0.985
2025-01-29,150,62,88,25,16,9,15,10,5,50,40,10,12,11,35,34,8,7,0.985
2025-01-30,150,37,113,25,14,11,15,9,6,50,38,12,12,11,35,34,8,7,0.985
2025-01-31,150,62,88,25,16,9,15,10,5,50,40,10,12,11,35,34,8,7,0.985
2025-02-01,150,72,78,25,17,8,15,11,4,50,42,8,12,11,35,34,8,7,0.985
2025-02-02,150,59,91,25,16,9,15,10,5,50,40,10,12,11,35,34,8,7,0.985
2025-02-03,150,61,89,25,16,9,15,10,5,50,40,10,12,11,35,34,8,7,0.985
2025-02-04,150,94,56,25,20,5,15,12,3,50,44,6,12,11,35,34,8,7,0.985
2025-02-05,150,39,111,25,14,11,15,9,6,50,38,12,12,11,35,34,8,7,0.985
2025-02-06,150,57,93,25,16,9,15,10,5,50,40,10,12,11,35,34,8,7,0.985
2025-02-07,150,72,78,25,17,8,15,11,4,50,41,9,12,11,35,34,8,7,0.985
2025-02-08,150,58,92,25,16,9,15,10,5,50,40,10,12,11,35,34,8,7,0.985
2025-02-09,150,84,66,25,18,7,15,11,4,50,43,7,12,11,35,34,8,7,0.985
2025-02-10,150,40,110,25,14,11,15,9,6,50,38,12,12,11,35,34,8,7,0.985
2025-02-11,150,83,67,25,18,7,15,11,4,50,43,7,12,11,35,34,8,7,0.985
2025-02-12,150,35,115,25,14,11,15,9,6,50,38,12,12,11,35,34,8,7,0.985
2025-02-13,150,66,84,25,17,8,15,11,4,50,41,9,12,11,35,34,8,7,0.985
2025-02-14,150,25,125,25,12,13,15,8,7,50,37,13,12,11,35,34,8,7,0.985
2025-02-15,150,39,111,25,14,11,15,9,6,50,38,12,12,11,35,34,8,7,0.985
2025-02-16,150,31,119,25,13,12,15,8,7,50,37,13,12,11,35,34,8,7,0.985
2025-02-17,150,42,108,25,14,11,15,9,6,50,39,11,12,11,35,34,8,7,0.985
2025-02-18,150,39,111,25,14,11,15,9,6,50,39,11,12,11,35,34,8,7,0.985
2025-02-19,150,73,77,25,17,8,15,11,4,50,41,9,12,11,35,34,8,7,0.985
2025-02-20,150,75,75,25,18,7,15,11,4,50,42,8,12,11,35,34,8,7,0.985
2025-02-21,150,82,68,25,18,7,15,11,4,50,42,8,12,11,35,34,8,7,0.985
2025-02-22,150,41,109,25,14,11,15,9,6,50,39,11,12,11,35,34,8,7,0.985
2025-02-23,150,79,71,25,18,7,15,11,4,50,42,8,12,11,35,34,8,7,0.985
2025-02-24,150,88,62,25,19,6,15,12,3,50,44,6,12,11,35,34,8,7,0.985
2025-02-25,150,58,92,25,16,9,15,10,5,50,40,10,12,11,35,34,8,7,0.985
2025-02-26,150,67,83,25,17,8,15,11,4,50,41,9,12,11,35,34,8,7,0.985
2025-02-27,150,27,123,25,12,13,15,8,7,50,37,13,12,11,35,34,8,7,0.985
2025-02-28,150,38,112,25,14,11,15,9,6,50,39,11,12,11,35,34,8,7,0.985
2025-03-01,150,78,72,25,18,7,15,11,4,50,42,8,12,11,35,34,8,7,0.985
2025-03-02,150,76,74,25,18,7,15,11,4,50,42,8,12,11,35,34,8,7,0.985
2025-03-03,150,26,124,25,13,12,15,8,7,50,37,13,12,11,35,34,8,7,0.985
2025-03-04,150,74,76,25,18,7,15,11,4,50,42,8,12,11,35,34,8,7,0.985
2025-03-05,150,61,89,25,16,9,15,10,5,50,41,9,12,11,35,34,8,7,0.985
2025-03-06,150,75,75,25,18,7,15,11,4,50,42,8,12,11,35,34,8,7,0.985
2025-03-07,150,27,123,25,13,12,15,8,7,50,38,12,12,11,35,34,8,7,0.985
2025-03-08,150,69,81,25,17,8,15,11,4,50,42,8,12,11,35,34,8,7,0.985
2025-03-09,150,38,112,25,14,11,15,9,6,50,39,11,12,11,35,34,8,7,0.985
2025-03-10,150,24,126,25,13,12,15,8,7,50,37,13,12,11,35,34,8,7,0.985
2025-03-11,150,66,84,25,17,8,15,11,4,50,41,9,12,11,35,34,8,7,0.985
2025-03-12,150,33,117,25,13,12,15,8,7,50,38,12,12,11,35,34,8,7,0.985
2025-03-13,150,28,122,25,13,12,15,8,7,50,38,12,12,11,35,34,8,7,0.985
2025-03-14,150,40,110,25,14,11,15,9,6,50,39,11,12,11,35,34,8,7,0.985
2025-03-15,150,28,122,25,13,12,15,8,7,50,37,13,12,11,35,34,8,7,0.985
2025-03-16,150,31,119,25,13,12,15,8,7,50,38,12,12,11,35,34,8,7,0.985
2025-03-17,150,48,102,25,15,10,15,9,6,50,39,11,12,11,35,34,8,7,0.985
2025-03-18,150,76,74,25,18,7,15,11,4,50,42,8,12,11,35,34,8,7,0.985
2025-03-19,150,69,81,25,17,8,15,11,4,50,41,9,12,11,35,34,8,7,0.985
2025-03-20,150,24,126,25,12,13,15,8,7,50,37,13,12,11,35,34,8,7,0.985
2025-03-21,150,29,121,25,13,12,15,8,7,50,38,12,12,11,35,34,8,7,0.985
2025-03-22,150,72,78,25,18,7,15,11,4,50,42,8,12,11,35,34,8,7,0.985
2025-03-23,150,34,116,25,14,11,15,9,6,50,38,12,12,11,35,34,8,7,0.985
2025-03-24,150,36,114,25,13,12,15,8,7,50,38,12,12,11,35,34,8,7,0.985
2025-03-25,150,80,70,25,18,7,15,11,4,50,43,7,12,11,35,34,8,7,0.985
2025-03-26,150,41,109,25,14,11,15,9,6,50,39,11,12,11,35,34,8,7,0.985
2025-03-27,150,43,107,25,14,11,15,9,6,50,39,11,12,11,35,34,8,7,0.985
2025-03-28,150,74,76,25,18,7,15,11,4,50,43,7,12,11,35,34,8,7,0.985
2025-03-29,150,47,103,25,15,10,15,9,6,50,40,10,12,11,35,34,8,7,0.985
2025-03-30,150,67,83,25,17,8,15,11,4,50,41,9,12,11,35,34,8,7,0.985
2025-03-31,150,57,93,25,16,9,15,10,5,50,41,9,12,11,35,34,8,7,0.985
2025-04-01,150,66,84,25,17,8,15,11,4,50,42,8,12,11,35,34,8,7,0.985
2025-04-02,150,78,72,25,18,7,15,11,4,50,43,7,12,11,35,34,8,7,0.985
2025-04-03,150,71,79,25,17,8,15,11,4,50,42,8,12,11,35,34,8,7,0.985
2025-04-04,150,74,76,25,17,8,15,11,4,50,42,8,12,11,35,34,8,7,0.985
2025-04-05,150,37,113,25,14,11,15,9,6,50,39,11,12,11,35,34,8,7,0.985
2025-04-06,150,35,115,25,14,11,15,9,6,50,39,11,12,11,35,34,8,7,0.985
2025-04-07,150,26,124,25,13,12,15,8,7,50,37,13,12,11,35,34,8,7,0.985
2025-04-08,150,86,64,25,19,6,15,12,3,50,43,7,12,11,35,34,8,7,0.985
2025-04-09,150,40,110,25,14,11,15,9,6,50,39,11,12,11,35,34,8,7,0.985
2025-04-10,150,92,58,25,19,6,15,12,3,50,44,6,12,11,35,34,8,7,0.985
2025-04-11,150,65,85,25,17,8,15,11,4,50,41,9,12,11,35,34,8,7,0.985
2025-04-12,150,73,77,25,17,8,15,11,4,50,42,8,12,11,35,34,8,7,0.985
2025-04-13,150,74,76,25,17,8,15,11,4,50,42,8,12,11,35,34,8,7,0.985
2025-04-14,150,33,117,25,14,11,15,9,6,50,38,12,12,11,35,34,8,7,0.985
2025-04-15,150,34,116,25,14,11,15,9,6,50,38,12,12,11,35,34,8,7,0.985
2025-04-16,150,57,93,25,16,9,15,10,5,50,41,9,12,11,35,34,8,7,0.985
2025-04-17,150,34,116,25,14,11,15,9,6,50,38,12,12,11,35,34,8,7,0.985
2025-04-18,150,78,72,25,18,7,15,11,4,50,43,7,12,11,35,34,8,7,0.985
2025-04-19,150,64,86,25,17,8,15,11,4,50,42,8,12,11,35,34,8,7,0.985
2025-04-20,150,24,126,25,13,12,15,8,7,50,37,13,12,11,35,34,8,7,0.985
2025-04-21,150,73,77,25,17,8,15,11,4,50,42,8,12,11,35,34,8,7,0.985
2025-04-22,150,53,97,25,15,10,15,9,6,50,40,10,12,11,35,34,8,7,0.985
2025-04-23,150,90,60,25,19,6,15,12,3,50,44,6,12,11,35,34,8,7,0.985
2025-04-24,150,42,108,25,14,11,15,9,6,50,39,11,12,11,35,34,8,7,0.985
2025-04-25,150,85,65,25,19,6,15,12,3,50,44,6,12,11,35,34,8,7,0.985
2025-04-26,150,28,122,25,13,12,15,8,7,50,38,12,12,11,35,34,8,7,0.985
2025-04-27,150,60,90,25,16,9,15,10,5,50,41,9,12,11,35,34,8,7,0.985
2025-04-28,150,25,125,25,13,12,15,8,7,50,37,13,12,11,35,34,8,7,0.985
2025-04-29,150,82,68,25,18,7,15,11,4,50,43,7,12,11,35,34,8,7,0.985
2025-04-30,150,55,95,25,16,9,15,10,5,50,40,10,12,11,35,34,8,7,0.985
2025-05-01,150,85,65,25,19,6,15,12,3,50,43,7,12,11,35,34,8,7,0.985
2025-05-02,150,92,58,25,19,6,15,12,3,50,44,6,12,11,35,34,8,7,0.985
2025-05-03,150,81,69,25,18,7,15,11,4,50,43,7,12,11,35,34,8,7,0.985
2025-05-04,150,70,80,25,17,8,15,11,4,50,42,8,12,11,35,34,8,7,0.985
2025-05-05,150,69,81,25,17,8,15,11,4,50,42,8,12,11,35,34,8,7,0.985
2025-05-06,150,60,90,25,16,9,15,10,5,50,41,9,12,11,35,34,8,7,0.985
2025-05-07,150,40,110,25,14,11,15,9,6,50,39,11,12,11,35,34,8,7,0.985
2025-05-08,150,63,87,25,16,9,15,10,5,50,41,9,12,11,35,34,8,7,0.985
2025-05-09,150,62,88,25,16,9,15,10,5,50,41,9,12,11,35,34,8,7,0.985
2025-05-10,150,55,95,25,16,9,15,10,5,50,40,10,12,11,35,34,8,7,0.985
2025-05-11,150,38,112,25,14,11,15,9,6,50,39,11,12,11,35,34,8,7,0.985
2025-05-12,150,64,86,25,17,8,15,11,4,50,41,9,12,11,35,34,8,7,0.985
2025-05-13,150,52,98,25,15,10,15,9,6,50,40,10,12,11,35,34,8,7,0.985
2025-05-14,150,78,72,25,18,7,15,11,4,50,42,8,12,11,35,34,8,7,0.985
2025-05-15,150,81,69,25,18,7,15,11,4,50,43,7,12,11,35,34,8,7,0.985
2025-05-16,150,86,64,25,19,6,15,12,3,50,43,7,12,11,35,34,8,7,0.985
2025-05-17,150,53,97,25,15,10,15,9,6,50,40,10,12,11,35,34,8,7,0.985
2025-05-18,150,60,90,25,16,9,15,10,5,50,41,9,12,11,35,34,8,7,0.985
2025-05-19,150,51,99,25,15,10,15,9,6,50,40,10,12,11,35,34,8,7,0.985
2025-05-20,150,89,61,25,19,6,15,12,3,50,43,7,12,11,35,34,8,7,0.985
2025-05-21,150,82,68,25,19,6,15,12,3,50,43,7,12,11,35,34,8,7,0.985
2025-05-22,150,44,106,25,15,10,15,9,6,50,39,11,12,11,35,34,8,7,0.985
2025-05-23,150,47,103,25,15,10,15,9,6,50,39,11,12,11,35,34,8,7,0.985
2025-05-24,150,23,127,25,12,13,15,8,7,50,37,13,12,11,35,34,8,7,0.985
2025-05-25,150,70,80,25,17,8,15,11,4,50,42,8,12,11,35,34,8,7,0.985
2025-05-26,150,88,62,25,19,6,15,12,3,50,44,6,12,11,35,34,8,7,0.985
2025-05-27,150,34,116,25,14,11,15,9,6,50,38,12,12,11,35,34,8,7,0.985
2025-05-28,150,68,82,25,17,8,15,11,4,50,42,8,12,11,35,34,8,7,0.985
2025-05-29,150,70,80,25,17,8,15,11,4,50,41,9,12,11,35,34,8,7,0.985
2025-05-30,150,59,91,25,16,9,15,10,5,50,40,10,12,11,35,34,8,7,0.985
2025-05-31,150,78,72,25,18,7,15,11,4,50,43,7,12,11,35,34,8,7,0.985
2025-06-01,150,85,65,25,18,7,15,11,4,50,43,7,12,11,35,34,8,7,0.985
2025-06-02,150,33,117,25,13,12,15,8,7,50,38,12,12,11,35,34,8,7,0.985
2025-06-03,150,39,111,25,14,11,15,9,6,50,39,11,12,11,35,34,8,7,0.985
2025-06-04,150,80,70,25,18,7,15,11,4,50,43,7,12,11,35,34,8,7,0.985
2025-06-05,150,62,88,25,16,9,15,10,5,50,40,10,12,11,35,34,8,7,0.985
2025-06-06,150,71,79,25,17,8,15,11,4,50,42,8,12,11,35,34,8,7,0.985
2025-06-07,150,70,80,25,17,8,15,11,4,50,42,8,12,11,35,34,8,7,0.985
2025-06-08,150,58,92,25,16,9,15,10,5,50,41,9,12,11,35,34,8,7,0.985
2025-06-09,150,50,100,25,15,10,15,9,6,50,39,11,12,11,35,34,8,7,0.985
2025-06-10,150,74,76,25,17,8,15,11,4,50,42,8,12,11,35,34,8,7,0.985
2025-06-11,150,67,83,25,17,8,15,11,4,50,42,8,12,11,35,34,8,7,0.985
2025-06-12,150,66,84,25,17,8,15,11,4,50,41,9,12,11,35,34,8,7,0.985
2025-06-13,150,77,73,25,18,7,15,11,4,50,42,8,12,11,35,34,8,7,0.985
2025-06-14,150,88,62,25,19,6,15,12,3,50,43,7,12,11,35,34,8,7,0.985
2025-06-15,150,84,66,25,19,6,15,12,3,50,43,7,12,11,35,34,8,7,0.985
2025-06-16,150,58,92,25,16,9,15,10,5,50,41,9,12,11,35,34,8,7,0.985
2025-06-17,150,23,127,25,12,13,15,8,7,50,37,13,12,11,35,34,8,7,0.985
2025-06-18,150,69,81,25,17,8,15,11,4,50,42,8,12,11,35,34,8,7,0.985
2025-06-19,150,73,77,25,17,8,15,11,4,50,42,8,12,11,35,34,8,7,0.985
2025-06-20,150,32,118,25,13,12,15,8,7,50,38,12,12,11,35,34,8,7,0.985
2025-06-21,150,41,109,25,14,11,15,9,6,50,38,12,12,11,35,34,8,7,0.985
2025-06-22,150,52,98,25,15,10,15,9,6,50,40,10,12,11,35,34,8,7,0.985
2025-06-23,150,92,58,25,19,6,15,12,3,50,44,6,12,11,35,34,8,7,0.985
2025-06-24,150,55,95,25,15,10,15,9,6,50,39,11,12,11,35,34,8,7,0.985
2025-06-25,150,51,99,25,15,10,15,9,6,50,40,10,12,11,35,34,8,7,0.985
2025-06-26,150,42,108,25,14,11,15,9,6,50,39,11,12,11,35,34,8,7,0.985
2025-06-27,150,46,104,25,15,10,15,9,6,50,39,11,12,11,35,34,8,7,0.985
2025-06-28,150,86,64,25,19,6,15,12,3,50,43,7,12,11,35,34,8,7,0.985
2025-06-29,150,57,93,25,16,9,15,10,5,50,40,10,12,11,35,34,8,7,0.985
2025-06-30,150,44,106,25,14,11,15,9,6,50,39,11,12,11,35,34,8,7,0.985
2025-07-01,150,22,128,25,12,13,15,8,7,50,36,14,12,11,35,34,8,7,0.985
2025-07-02,150,22,128,25,12,13,15,8,7,50,36,14,12,11,35,34,8,7,0.985
2025-07-03,150,89,61,25,19,6,15,12,3,50,43,7,12,11,35,34,8,7,0.985
2025-07-04,150,58,92,25,16,9,15,10,5,50,40,10,12,11,35,34,8,7,0.985
2025-07-05,150,79,71,25,18,7,15,11,4,50,42,8,12,11,35,34,8,7,0.985
2025-07-06,150,23,127,25,12,13,15,8,7,50,36,14,12,11,35,34,8,7,0.985
2025-07-07,150,82,68,25,18,7,15,11,4,50,43,7,12,11,35,34,8,7,0.985
2025-07-08,150,77,73,25,17,8,15,11,4,50,42,8,12,11,35,34,8,7,0.985
2025-07-09,150,81,69,25,18,7,15,11,4,50,43,7,12,11,35,34,8,7,0.985
2025-07-10,150,52,98,25,15,10,15,9,6,50,39,11,12,11,35,34,8,7,0.985
2025-07-11,150,57,93,25,15,10,15,9,6,50,40,10,12,11,35,34,8,7,0.985
2025-07-12,150,78,72,25,18,7,15,11,4,50,42,8,12,11,35,34,8,7,0.985
2025-07-13,150,55,95,25,16,9,15,10,5,50,40,10,12,11,35,34,8,7,0.985
2025-07-14,150,63,87,25,16,9,15,10,5,50,41,9,12,11,35,34,8,7,0.985
2025-07-15,150,29,121,25,13,12,15,8,7,50,38,12,12,11,35,34,8,7,0.985
2025-07-16,150,53,97,25,15,10,15,9,6,50,39,11,12,11,35,34,8,7,0.985
2025-07-17,150,64,86,25,17,8,15,11,4,50,41,9,12,11,35,34,8,7,0.985
2025-07-18,150,47,103,25,15,10,15,9,6,50,39,11,12,11,35,34,8,7,0.985
2025-07-19,150,24,126,25,12,13,15,8,7,50,36,14,12,11,35,34,8,7,0.985
2025-07-20,150,51,99,25,15,10,15,9,6,50,39,11,12,11,35,34,8,7,0.985
2025-07-21,150,34,116,25,13,12,15,8,7,50,37,13,12,11,35,34,8,7,0.985
2025-07-22,150,85,65,25,18,7,15,11,4,50,43,7,12,11,35,34,8,7,0.985
2025-07-23,150,66,84,25,16,9,15,10,5,50,41,9,12,11,35,34,8,7,0.985
