date,total_admissions,covid_admissions,regular_admissions,total_occupancy,icu_occupancy,ventilator_use,oxygen_use,bed_utilization_percent,icu_utilization_percent,ventilator_utilization_percent,overload_risk,covid_multiplier
2020-03-01,12,10,76,86,10,6,11,57.33,40.0,40.0,Low,1.5
2020-03-02,10,4,68,72,7,4,8,48.0,28.0,26.67,Low,1.5
2020-03-03,14,13,69,82,10,6,12,54.67,40.0,40.0,Low,1.5
2020-03-04,12,6,91,97,10,6,11,64.67,40.0,40.0,Low,1.5
2020-03-05,14,7,82,89,9,5,11,59.33,36.0,33.33,Low,1.5
2020-03-06,10,5,88,93,10,6,10,62.0,40.0,40.0,Low,1.5
2020-03-07,10,8,110,118,13,7,14,78.67,52.0,46.67,Medium,1.5
2020-03-08,10,8,79,87,9,5,11,58.0,36.0,33.33,Low,1.5
2020-03-09,12,6,120,126,13,7,14,84.0,52.0,46.67,Medium,1.5
2020-03-10,14,7,69,76,8,4,9,50.67,32.0,26.67,Low,1.5
2020-03-11,12,9,84,93,10,6,12,62.0,40.0,40.0,Low,1.5
2020-03-12,14,12,89,101,11,6,13,67.33,44.0,40.0,Low,1.5
2020-03-13,14,6,125,131,14,8,14,87.33,56.0,53.33,Medium,1.5
2020-03-14,14,11,54,65,8,4,9,43.33,32.0,26.67,Low,1.5
2020-03-15,14,7,79,86,9,5,10,57.33,36.0,33.33,Low,1.5
2020-03-16,13,6,97,103,11,6,12,68.67,44.0,40.0,Low,1.5
2020-03-17,10,6,102,108,11,6,12,72.0,44.0,40.0,Low,1.5
2020-03-18,14,7,85,92,10,6,11,61.33,40.0,40.0,Low,1.5
2020-03-19,11,6,96,102,11,6,12,68.0,44.0,40.0,Low,1.5
2020-03-20,14,8,120,128,14,8,15,85.33,56.0,53.33,Medium,1.5
2020-03-21,13,10,121,131,14,8,16,87.33,56.0,53.33,Medium,1.5
2020-03-22,11,9,67,76,8,4,10,50.67,32.0,26.67,Low,1.5
2020-03-23,15,9,104,113,12,7,14,75.33,48.0,46.67,Medium,1.5
2020-03-24,11,7,75,82,9,5,10,54.67,36.0,33.33,Low,1.5
2020-03-25,14,12,87,99,11,6,13,66.0,44.0,40.0,Low,1.5
2020-03-26,10,7,93,100,11,6,12,66.67,44.0,40.0,Low,1.5
2020-03-27,13,9,97,106,11,6,13,70.67,44.0,40.0,Low,1.5
2020-03-28,12,7,69,76,8,4,9,50.67,32.0,26.67,Low,1.5
2020-03-29,12,6,122,128,13,7,14,85.33,52.0,46.67,Medium,1.5
2020-03-30,11,6,88,94,10,6,11,62.67,40.0,40.0,Low,1.5
2020-03-31,11,10,84,94,10,6,12,62.67,40.0,40.0,Low,1.5
2020-04-01,14,12,101,113,13,7,14,75.33,52.0,46.67,Medium,1.5
2020-04-02,15,8,70,78,9,5,10,52.0,36.0,33.33,Low,1.5
2020-04-03,14,7,75,82,9,5,10,54.67,36.0,33.33,Low,1.5
2020-04-04,12,7,121,128,13,7,14,85.33,52.0,46.67,Medium,1.5
2020-04-05,11,5,99,104,11,6,11,69.33,44.0,40.0,Low,1.5
2020-04-06,10,5,80,85,9,5,10,56.67,36.0,33.33,Low,1.5
2020-04-07,15,7,69,76,8,4,9,50.67,32.0,26.67,Low,1.5
2020-04-08,10,4,108,112,11,6,12,74.67,44.0,40.0,Low,1.5
2020-04-09,12,7,79,86,9,5,10,57.33,36.0,33.33,Low,1.5
2020-04-10,13,7,110,117,12,7,13,78.0,48.0,46.67,Medium,1.5
2020-04-11,11,8,71,79,9,5,10,52.67,36.0,33.33,Low,1.5
2020-04-12,12,6,92,98,10,6,11,65.33,40.0,40.0,Low,1.5
2020-04-13,15,9,101,110,12,7,13,73.33,48.0,46.67,Low,1.5
2020-04-14,15,13,99,112,13,7,15,74.67,52.0,46.67,Low,1.5
2020-04-15,12,9,75,84,9,5,11,56.0,36.0,33.33,Low,1.5
2020-04-16,13,12,55,67,8,4,10,44.67,32.0,26.67,Low,1.5
2020-04-17,14,11,74,85,10,6,11,56.67,40.0,40.0,Low,1.5
2020-04-18,11,10,122,132,14,8,16,88.0,56.0,53.33,Medium,1.5
2020-04-19,12,5,56,61,6,3,7,40.67,24.0,20.0,Low,1.5
2020-04-20,10,8,120,128,14,8,15,85.33,56.0,53.33,Medium,1.5
2020-04-21,13,8,78,86,9,5,11,57.33,36.0,33.33,Low,1.5
2020-04-22,12,10,58,68,8,4,9,45.33,32.0,26.67,Low,1.5
2020-04-23,14,9,113,122,13,7,14,81.33,52.0,46.67,Medium,1.5
2020-04-24,13,9,55,64,7,4,9,42.67,28.0,26.67,Low,1.5
2020-04-25,11,8,78,86,9,5,11,57.33,36.0,33.33,Low,1.5
2020-04-26,14,9,121,130,14,8,15,86.67,56.0,53.33,Medium,1.5
2020-04-27,12,9,115,124,13,7,15,82.67,52.0,46.67,Medium,1.5
2020-04-28,13,8,110,118,13,7,14,78.67,52.0,46.67,Medium,1.5
2020-04-29,13,10,110,120,13,7,15,80.0,52.0,46.67,Medium,1.5
2020-04-30,10,4,109,113,11,6,12,75.33,44.0,40.0,Medium,1.5
2020-05-01,13,6,63,69,7,4,8,46.0,28.0,26.67,Low,1.5
2020-05-02,10,9,107,116,12,7,14,77.33,48.0,46.67,Medium,1.5
2020-05-03,11,4,61,65,7,4,7,43.33,28.0,26.67,Low,1.5
2020-05-04,12,10,54,64,7,4,9,42.67,28.0,26.67,Low,1.5
2020-05-05,12,8,95,103,11,6,12,68.67,44.0,40.0,Low,1.5
2020-05-06,13,9,66,75,8,4,10,50.0,32.0,26.67,Low,1.5
2020-05-07,13,9,114,123,13,7,15,82.0,52.0,46.67,Medium,1.5
2020-05-08,13,5,60,65,7,4,8,43.33,28.0,26.67,Low,1.5
2020-05-09,11,6,61,67,7,4,8,44.67,28.0,26.67,Low,1.5
2020-05-10,14,7,67,74,8,4,9,49.33,32.0,26.67,Low,1.5
2020-05-11,14,13,60,73,9,5,11,48.67,36.0,33.33,Low,1.5
2020-05-12,13,7,64,71,8,4,9,47.33,32.0,26.67,Low,1.5
2020-05-13,14,9,64,73,8,4,10,48.67,32.0,26.67,Low,1.5
2020-05-14,10,8,120,128,14,8,15,85.33,56.0,53.33,Medium,1.5
2020-05-15,12,9,73,82,9,5,10,54.67,36.0,33.33,Low,1.5
2020-05-16,12,7,84,91,10,6,11,60.67,40.0,40.0,Low,1.5
2020-05-17,9,3,117,120,12,7,12,80.0,48.0,46.67,Medium,1.5
2020-05-18,12,6,57,63,7,4,8,42.0,28.0,26.67,Low,1.5
2020-05-19,10,8,60,68,8,4,9,45.33,32.0,26.67,Low,1.5
2020-05-20,12,8,60,68,8,4,9,45.33,32.0,26.67,Low,1.5
2020-05-21,13,9,68,77,9,5,10,51.33,36.0,33.33,Low,1.5
2020-05-22,12,5,83,88,9,5,10,58.67,36.0,33.33,Low,1.5
2020-05-23,9,5,77,82,8,4,9,54.67,32.0,26.67,Low,1.5
2020-05-24,11,9,81,90,10,6,11,60.0,40.0,40.0,Low,1.5
2020-05-25,12,8,100,108,12,7,13,72.0,48.0,46.67,Low,1.5
2020-05-26,12,11,65,76,9,5,10,50.67,36.0,33.33,Low,1.5
2020-05-27,9,8,102,110,12,7,13,73.33,48.0,46.67,Low,1.5
2020-05-28,10,7,93,100,11,6,12,66.67,44.0,40.0,Low,1.5
2020-05-29,10,4,55,59,6,3,7,39.33,24.0,20.0,Low,1.5
2020-05-30,13,8,107,115,12,7,13,76.67,48.0,46.67,Medium,1.5
2020-05-31,10,5,85,90,9,5,10,60.0,36.0,33.33,Low,1.5
2020-06-01,25,10,99,109,12,7,13,72.67,48.0,46.67,Low,2.8
2020-06-02,16,13,81,94,11,6,13,62.67,44.0,40.0,Low,2.8
2020-06-03,24,14,60,74,9,5,11,49.33,36.0,33.33,Low,2.8
2020-06-04,18,14,93,107,12,7,14,71.33,48.0,46.67,Low,2.8
2020-06-05,19,9,103,112,12,7,13,74.67,48.0,46.67,Low,2.8
2020-06-06,21,18,122,140,16,9,19,93.33,64.0,60.0,High,2.8
2020-06-07,17,12,68,80,9,5,11,53.33,36.0,33.33,Low,2.8
2020-06-08,17,11,104,115,13,7,14,76.67,52.0,46.67,Medium,2.8
2020-06-09,22,9,104,113,12,7,14,75.33,48.0,46.67,Medium,2.8
2020-06-10,19,11,92,103,11,6,13,68.67,44.0,40.0,Low,2.8
2020-06-11,17,10,69,79,9,5,10,52.67,36.0,33.33,Low,2.8
2020-06-12,18,11,69,80,9,5,11,53.33,36.0,33.33,Low,2.8
2020-06-13,20,14,85,99,12,7,14,66.0,48.0,46.67,Low,2.8
2020-06-14,19,13,96,109,12,7,14,72.67,48.0,46.67,Low,2.8
2020-06-15,18,10,78,88,10,6,11,58.67,40.0,40.0,Low,2.8
2020-06-16,18,16,60,76,10,6,12,50.67,40.0,40.0,Low,2.8
2020-06-17,16,14,111,125,14,8,16,83.33,56.0,53.33,Medium,2.8
2020-06-18,20,8,56,64,7,4,8,42.67,28.0,26.67,Low,2.8
2020-06-19,17,12,78,90,10,6,12,60.0,40.0,40.0,Low,2.8
2020-06-20,22,10,66,76,9,5,10,50.67,36.0,33.33,Low,2.8
2020-06-21,19,11,114,125,14,8,15,83.33,56.0,53.33,Medium,2.8
2020-06-22,17,7,98,105,11,6,12,70.0,44.0,40.0,Low,2.8
2020-06-23,19,18,94,112,13,7,16,74.67,52.0,46.67,Low,2.8
2020-06-24,16,15,54,69,9,5,11,46.0,36.0,33.33,Low,2.8
2020-06-25,15,9,106,115,12,7,14,76.67,48.0,46.67,Medium,2.8
2020-06-26,15,13,54,67,8,4,10,44.67,32.0,26.67,Low,2.8
2020-06-27,17,10,80,90,10,6,12,60.0,40.0,40.0,Low,2.8
2020-06-28,21,16,97,113,13,7,16,75.33,52.0,46.67,Medium,2.8
2020-06-29,14,7,60,67,7,4,8,44.67,28.0,26.67,Low,2.8
2020-06-30,19,7,118,125,13,7,14,83.33,52.0,46.67,Medium,2.8
2020-07-01,15,11,124,135,15,9,16,90.0,60.0,60.0,Medium,2.8
2020-07-02,20,8,117,125,13,7,14,83.33,52.0,46.67,Medium,2.8
2020-07-03,17,14,77,91,11,6,13,60.67,44.0,40.0,Low,2.8
2020-07-04,13,6,124,130,13,7,14,86.67,52.0,46.67,Medium,2.8
2020-07-05,16,12,109,121,13,7,15,80.67,52.0,46.67,Medium,2.8
2020-07-06,19,11,78,89,10,6,12,59.33,40.0,40.0,Low,2.8
2020-07-07,16,12,74,86,10,6,12,57.33,40.0,40.0,Low,2.8
2020-07-08,13,12,77,89,10,6,12,59.33,40.0,40.0,Low,2.8
2020-07-09,17,16,92,108,13,7,15,72.0,52.0,46.67,Low,2.8
2020-07-10,13,5,64,69,7,4,8,46.0,28.0,26.67,Low,2.8
2020-07-11,16,9,96,105,11,6,13,70.0,44.0,40.0,Low,2.8
2020-07-12,15,14,80,94,11,6,13,62.67,44.0,40.0,Low,2.8
2020-07-13,13,5,89,94,10,6,10,62.67,40.0,40.0,Low,2.8
2020-07-14,16,7,76,83,9,5,10,55.33,36.0,33.33,Low,2.8
2020-07-15,12,7,117,124,13,7,14,82.67,52.0,46.67,Medium,2.8
2020-07-16,17,9,122,131,14,8,15,87.33,56.0,53.33,Medium,2.8
2020-07-17,17,7,108,115,12,7,13,76.67,48.0,46.67,Medium,2.8
2020-07-18,16,14,64,78,9,5,12,52.0,36.0,33.33,Low,2.8
2020-07-19,15,11,55,66,8,4,9,44.0,32.0,26.67,Low,2.8
2020-07-20,14,8,102,110,12,7,13,73.33,48.0,46.67,Low,2.8
2020-07-21,13,12,120,132,15,9,16,88.0,60.0,60.0,Medium,2.8
2020-07-22,16,12,71,83,10,6,11,55.33,40.0,40.0,Low,2.8
2020-07-23,13,9,69,78,9,5,10,52.0,36.0,33.33,Low,2.8
2020-07-24,13,12,103,115,13,7,15,76.67,52.0,46.67,Medium,2.8
2020-07-25,15,6,84,90,9,5,10,60.0,36.0,33.33,Low,2.8
2020-07-26,13,8,113,121,13,7,14,80.67,52.0,46.67,Medium,2.8
2020-07-27,12,9,64,73,8,4,10,48.67,32.0,26.67,Low,2.8
2020-07-28,17,14,110,124,14,8,16,82.67,56.0,53.33,Medium,2.8
2020-07-29,13,8,118,126,13,7,15,84.0,52.0,46.67,Medium,2.8
2020-07-30,13,8,112,120,13,7,14,80.0,52.0,46.67,Medium,2.8
2020-07-31,11,5,64,69,7,4,8,46.0,28.0,26.67,Low,2.8
2020-08-01,14,9,106,115,12,7,14,76.67,48.0,46.67,Medium,2.8
2020-08-02,14,8,65,73,8,4,9,48.67,32.0,26.67,Low,2.8
2020-08-03,11,8,56,64,7,4,8,42.67,28.0,26.67,Low,2.8
2020-08-04,14,7,85,92,10,6,11,61.33,40.0,40.0,Low,2.8
2020-08-05,12,9,119,128,14,8,15,85.33,56.0,53.33,Medium,2.8
2020-08-06,11,9,69,78,9,5,10,52.0,36.0,33.33,Low,2.8
2020-08-07,15,10,71,81,9,5,11,54.0,36.0,33.33,Low,2.8
2020-08-08,11,10,121,131,14,8,16,87.33,56.0,53.33,Medium,2.8
2020-08-09,13,9,106,115,12,7,14,76.67,48.0,46.67,Medium,2.8
2020-08-10,13,7,125,132,14,8,15,88.0,56.0,53.33,Medium,2.8
2020-08-11,13,9,62,71,8,4,9,47.33,32.0,26.67,Low,2.8
2020-08-12,11,4,59,63,6,3,7,42.0,24.0,20.0,Low,2.8
2020-08-13,10,5,101,106,11,6,12,70.67,44.0,40.0,Low,2.8
2020-08-14,12,7,67,74,8,4,9,49.33,32.0,26.67,Low,2.8
2020-08-15,14,10,121,131,14,8,16,87.33,56.0,53.33,Medium,2.8
2020-08-16,10,4,97,101,10,6,11,67.33,40.0,40.0,Low,2.8
2020-08-17,14,11,112,123,13,7,15,82.0,52.0,46.67,Medium,2.8
2020-08-18,13,10,81,91,10,6,12,60.67,40.0,40.0,Low,2.8
2020-08-19,14,12,75,87,10,6,12,58.0,40.0,40.0,Low,2.8
2020-08-20,13,11,122,133,14,8,16,88.67,56.0,53.33,Medium,2.8
2020-08-21,12,11,88,99,11,6,13,66.0,44.0,40.0,Low,2.8
2020-08-22,11,9,69,78,9,5,10,52.0,36.0,33.33,Low,2.8
2020-08-23,12,6,89,95,10,6,11,63.33,40.0,40.0,Low,2.8
2020-08-24,13,7,84,91,10,6,11,60.67,40.0,40.0,Low,2.8
2020-08-25,12,9,121,130,14,8,15,86.67,56.0,53.33,Medium,2.8
2020-08-26,13,12,65,77,9,5,11,51.33,36.0,33.33,Low,2.8
2020-08-27,11,10,56,66,8,4,9,44.0,32.0,26.67,Low,2.8
2020-08-28,10,4,57,61,6,3,7,40.67,24.0,20.0,Low,2.8
2020-08-29,10,6,77,83,9,5,10,55.33,36.0,33.33,Low,2.8
2020-08-30,10,5,66,71,7,4,8,47.33,28.0,26.67,Low,2.8
2020-08-31,11,8,121,129,14,8,15,86.0,56.0,53.33,Medium,2.8
2020-09-01,4,3,106,109,11,6,11,72.67,44.0,40.0,Low,1.2
2020-09-02,4,1,64,65,6,3,6,43.33,24.0,20.0,Low,1.2
2020-09-03,3,2,124,126,12,7,13,84.0,48.0,46.67,Medium,1.2
2020-09-04,5,2,120,122,12,7,12,81.33,48.0,46.67,Medium,1.2
2020-09-05,4,3,75,78,8,4,8,52.0,32.0,26.67,Low,1.2
2020-09-06,4,2,59,61,6,3,6,40.67,24.0,20.0,Low,1.2
2020-09-07,3,2,73,75,7,4,8,50.0,28.0,26.67,Low,1.2
2020-09-08,4,3,64,67,7,4,7,44.67,28.0,26.67,Low,1.2
2020-09-09,5,2,55,57,6,3,6,38.0,24.0,20.0,Low,1.2
2020-09-10,4,2,104,106,10,6,11,70.67,40.0,40.0,Low,1.2
2020-09-11,5,2,62,64,6,3,7,42.67,24.0,20.0,Low,1.2
2020-09-12,5,4,103,107,11,6,11,71.33,44.0,40.0,Low,1.2
2020-09-13,3,2,106,108,11,6,11,72.0,44.0,40.0,Low,1.2
2020-09-14,5,3,80,83,8,4,9,55.33,32.0,26.67,Low,1.2
2020-09-15,4,2,119,121,12,7,12,80.67,48.0,46.67,Medium,1.2
2020-09-16,4,2,115,117,12,7,12,78.0,48.0,46.67,Medium,1.2
2020-09-17,3,2,108,110,11,6,11,73.33,44.0,40.0,Low,1.2
2020-09-18,4,2,112,114,11,6,12,76.0,44.0,40.0,Medium,1.2
2020-09-19,5,3,110,113,11,6,12,75.33,44.0,40.0,Medium,1.2
2020-09-20,5,4,94,98,10,6,11,65.33,40.0,40.0,Low,1.2
2020-09-21,4,3,114,117,12,7,12,78.0,48.0,46.67,Medium,1.2
2020-09-22,3,2,86,88,9,5,9,58.67,36.0,33.33,Low,1.2
2020-09-23,4,3,109,112,11,6,12,74.67,44.0,40.0,Low,1.2
2020-09-24,4,3,75,78,8,4,8,52.0,32.0,26.67,Low,1.2
2020-09-25,4,2,120,122,12,7,12,81.33,48.0,46.67,Medium,1.2
2020-09-26,4,1,58,59,6,3,6,39.33,24.0,20.0,Low,1.2
2020-09-27,5,4,78,82,8,4,9,54.67,32.0,26.67,Low,1.2
2020-09-28,4,3,124,127,13,7,13,84.67,52.0,46.67,Medium,1.2
2020-09-29,5,3,54,57,6,3,6,38.0,24.0,20.0,Low,1.2
2020-09-30,4,2,123,125,12,7,13,83.33,48.0,46.67,Medium,1.2
2020-10-01,4,3,91,94,9,5,10,62.67,36.0,33.33,Low,1.2
2020-10-02,4,2,62,64,6,3,7,42.67,24.0,20.0,Low,1.2
2020-10-03,3,1,108,109,11,6,11,72.67,44.0,40.0,Low,1.2
2020-10-04,4,3,95,98,10,6,10,65.33,40.0,40.0,Low,1.2
2020-10-05,3,2,60,62,6,3,6,41.33,24.0,20.0,Low,1.2
2020-10-06,4,2,90,92,9,5,9,61.33,36.0,33.33,Low,1.2
2020-10-07,4,2,119,121,12,7,12,80.67,48.0,46.67,Medium,1.2
2020-10-08,3,1,113,114,11,6,11,76.0,44.0,40.0,Medium,1.2
2020-10-09,4,2,111,113,11,6,11,75.33,44.0,40.0,Medium,1.2
2020-10-10,4,3,88,91,9,5,10,60.67,36.0,33.33,Low,1.2
2020-10-11,4,3,62,65,6,3,7,43.33,24.0,20.0,Low,1.2
2020-10-12,4,3,65,68,7,4,7,45.33,28.0,26.67,Low,1.2
2020-10-13,4,1,73,74,7,4,7,49.33,28.0,26.67,Low,1.2
2020-10-14,3,1,104,105,10,6,10,70.0,40.0,40.0,Low,1.2
2020-10-15,4,2,70,72,7,4,7,48.0,28.0,26.67,Low,1.2
2020-10-16,5,4,65,69,7,4,8,46.0,28.0,26.67,Low,1.2
2020-10-17,5,2,65,67,7,4,7,44.67,28.0,26.67,Low,1.2
2020-10-18,4,3,86,89,9,5,9,59.33,36.0,33.33,Low,1.2
2020-10-19,4,2,83,85,8,4,9,56.67,32.0,26.67,Low,1.2
2020-10-20,5,4,122,126,13,7,13,84.0,52.0,46.67,Medium,1.2
2020-10-21,3,1,77,78,7,4,8,52.0,28.0,26.67,Low,1.2
2020-10-22,4,2,78,80,8,4,8,53.33,32.0,26.67,Low,1.2
2020-10-23,4,2,99,101,10,6,10,67.33,40.0,40.0,Low,1.2
2020-10-24,5,4,84,88,9,5,10,58.67,36.0,33.33,Low,1.2
2020-10-25,4,2,55,57,6,3,6,38.0,24.0,20.0,Low,1.2
2020-10-26,4,2,67,69,7,4,7,46.0,28.0,26.67,Low,1.2
2020-10-27,5,4,90,94,10,6,10,62.67,40.0,40.0,Low,1.2
2020-10-28,5,4,123,127,13,7,13,84.67,52.0,46.67,Medium,1.2
2020-10-29,3,2,81,83,8,4,8,55.33,32.0,26.67,Low,1.2
2020-10-30,5,4,79,83,8,4,9,55.33,32.0,26.67,Low,1.2
2020-10-31,4,2,107,109,11,6,11,72.67,44.0,40.0,Low,1.2
2020-11-01,4,2,61,63,6,3,6,42.0,24.0,20.0,Low,1.2
2020-11-02,5,3,95,98,10,6,10,65.33,40.0,40.0,Low,1.2
2020-11-03,4,3,54,57,6,3,6,38.0,24.0,20.0,Low,1.2
2020-11-04,5,3,111,114,11,6,12,76.0,44.0,40.0,Medium,1.2
2020-11-05,4,1,119,120,12,7,12,80.0,48.0,46.67,Medium,1.2
2020-11-06,5,3,81,84,8,4,9,56.0,32.0,26.67,Low,1.2
2020-11-07,5,2,70,72,7,4,7,48.0,28.0,26.67,Low,1.2
2020-11-08,4,2,75,77,8,4,8,51.33,32.0,26.67,Low,1.2
2020-11-09,5,4,60,64,7,4,7,42.67,28.0,26.67,Low,1.2
2020-11-10,5,4,57,61,6,3,7,40.67,24.0,20.0,Low,1.2
2020-11-11,4,2,108,110,11,6,11,73.33,44.0,40.0,Low,1.2
2020-11-12,4,3,115,118,12,7,12,78.67,48.0,46.67,Medium,1.2
2020-11-13,6,3,64,67,7,4,7,44.67,28.0,26.67,Low,1.2
2020-11-14,5,4,54,58,6,3,7,38.67,24.0,20.0,Low,1.2
2020-11-15,5,3,69,72,7,4,8,48.0,28.0,26.67,Low,1.2
2020-11-16,6,5,89,94,10,6,10,62.67,40.0,40.0,Low,1.2
2020-11-17,4,3,61,64,6,3,7,42.67,24.0,20.0,Low,1.2
2020-11-18,5,3,86,89,9,5,9,59.33,36.0,33.33,Low,1.2
2020-11-19,5,4,77,81,8,4,9,54.0,32.0,26.67,Low,1.2
2020-11-20,5,2,119,121,12,7,12,80.67,48.0,46.67,Medium,1.2
2020-11-21,5,2,97,99,10,6,10,66.0,40.0,40.0,Low,1.2
2020-11-22,4,2,112,114,11,6,12,76.0,44.0,40.0,Medium,1.2
2020-11-23,4,3,124,127,13,7,13,84.67,52.0,46.67,Medium,1.2
2020-11-24,5,2,118,120,12,7,12,80.0,48.0,46.67,Medium,1.2
2020-11-25,5,3,57,60,6,3,6,40.0,24.0,20.0,Low,1.2
2020-11-26,6,5,85,90,9,5,10,60.0,36.0,33.33,Low,1.2
2020-11-27,5,3,93,96,10,6,10,64.0,40.0,40.0,Low,1.2
2020-11-28,5,3,100,103,10,6,11,68.67,40.0,40.0,Low,1.2
2020-11-29,6,5,70,75,8,4,9,50.0,32.0,26.67,Low,1.2
2020-11-30,6,5,101,106,11,6,12,70.67,44.0,40.0,Low,1.2
2020-12-01,6,5,73,78,8,4,9,52.0,32.0,26.67,Low,1.2
2020-12-02,6,2,99,101,10,6,10,67.33,40.0,40.0,Low,1.2
2020-12-03,7,6,70,76,8,4,9,50.67,32.0,26.67,Low,1.2
2020-12-04,7,6,108,114,12,7,13,76.0,48.0,46.67,Medium,1.2
2020-12-05,6,4,121,125,13,7,13,83.33,52.0,46.67,Medium,1.2
2020-12-06,6,5,88,93,10,6,10,62.0,40.0,40.0,Low,1.2
2020-12-07,6,3,82,85,8,4,9,56.67,32.0,26.67,Low,1.2
2020-12-08,6,5,63,68,7,4,8,45.33,28.0,26.67,Low,1.2
2020-12-09,5,3,92,95,9,5,10,63.33,36.0,33.33,Low,1.2
2020-12-10,7,6,86,92,10,6,11,61.33,40.0,40.0,Low,1.2
2020-12-11,7,3,105,108,11,6,11,72.0,44.0,40.0,Low,1.2
2020-12-12,7,5,94,99,10,6,11,66.0,40.0,40.0,Low,1.2
2020-12-13,7,3,106,109,11,6,11,72.67,44.0,40.0,Low,1.2
2020-12-14,6,4,65,69,7,4,8,46.0,28.0,26.67,Low,1.2
2020-12-15,7,6,107,113,12,7,13,75.33,48.0,46.67,Medium,1.2
2020-12-16,7,3,108,111,11,6,12,74.0,44.0,40.0,Low,1.2
2020-12-17,6,5,105,110,11,6,12,73.33,44.0,40.0,Low,1.2
2020-12-18,8,7,105,112,12,7,13,74.67,48.0,46.67,Low,1.2
2020-12-19,5,3,79,82,8,4,9,54.67,32.0,26.67,Low,1.2
2020-12-20,5,2,57,59,6,3,6,39.33,24.0,20.0,Low,1.2
2020-12-21,8,7,78,85,9,5,10,56.67,36.0,33.33,Low,1.2
2020-12-22,5,3,122,125,12,7,13,83.33,48.0,46.67,Medium,1.2
2020-12-23,8,7,89,96,10,6,11,64.0,40.0,40.0,Low,1.2
2020-12-24,6,3,65,68,7,4,7,45.33,28.0,26.67,Low,1.2
2020-12-25,6,5,62,67,7,4,8,44.67,28.0,26.67,Low,1.2
2020-12-26,5,3,88,91,9,5,10,60.67,36.0,33.33,Low,1.2
2020-12-27,6,3,54,57,6,3,6,38.0,24.0,20.0,Low,1.2
2020-12-28,6,5,90,95,10,6,11,63.33,40.0,40.0,Low,1.2
2020-12-29,8,7,58,65,7,4,8,43.33,28.0,26.67,Low,1.2
2020-12-30,8,6,120,126,13,7,14,84.0,52.0,46.67,Medium,1.2
2020-12-31,6,3,113,116,12,7,12,77.33,48.0,46.67,Medium,1.2
2021-01-01,11,6,74,80,8,4,9,53.33,32.0,26.67,Low,1.8
2021-01-02,10,6,76,82,9,5,10,54.67,36.0,33.33,Low,1.8
2021-01-03,11,8,107,115,12,7,13,76.67,48.0,46.67,Medium,1.8
2021-01-04,13,8,101,109,12,7,13,72.67,48.0,46.67,Low,1.8
2021-01-05,13,10,81,91,10,6,12,60.67,40.0,40.0,Low,1.8
2021-01-06,11,10,96,106,12,7,13,70.67,48.0,46.67,Low,1.8
2021-01-07,12,5,72,77,8,4,9,51.33,32.0,26.67,Low,1.8
2021-01-08,10,8,68,76,8,4,10,50.67,32.0,26.67,Low,1.8
2021-01-09,11,5,113,118,12,7,13,78.67,48.0,46.67,Medium,1.8
2021-01-10,13,7,60,67,7,4,8,44.67,28.0,26.67,Low,1.8
2021-01-11,9,8,102,110,12,7,13,73.33,48.0,46.67,Low,1.8
2021-01-12,11,9,94,103,11,6,13,68.67,44.0,40.0,Low,1.8
2021-01-13,10,5,72,77,8,4,9,51.33,32.0,26.67,Low,1.8
2021-01-14,11,6,125,131,14,8,14,87.33,56.0,53.33,Medium,1.8
2021-01-15,10,7,94,101,11,6,12,67.33,44.0,40.0,Low,1.8
2021-01-16,11,10,113,123,13,7,15,82.0,52.0,46.67,Medium,1.8
2021-01-17,12,8,76,84,9,5,10,56.0,36.0,33.33,Low,1.8
2021-01-18,11,5,73,78,8,4,9,52.0,32.0,26.67,Low,1.8
2021-01-19,11,8,81,89,10,6,11,59.33,40.0,40.0,Low,1.8
2021-01-20,10,6,73,79,8,4,9,52.67,32.0,26.67,Low,1.8
2021-01-21,10,6,64,70,7,4,8,46.67,28.0,26.67,Low,1.8
2021-01-22,11,7,79,86,9,5,10,57.33,36.0,33.33,Low,1.8
2021-01-23,12,4,70,74,8,4,8,49.33,32.0,26.67,Low,1.8
2021-01-24,11,7,106,113,12,7,13,75.33,48.0,46.67,Medium,1.8
2021-01-25,14,13,74,87,10,6,12,58.0,40.0,40.0,Low,1.8
2021-01-26,10,6,77,83,9,5,10,55.33,36.0,33.33,Low,1.8
2021-01-27,13,10,106,116,13,7,14,77.33,52.0,46.67,Medium,1.8
2021-01-28,14,10,115,125,14,8,15,83.33,56.0,53.33,Medium,1.8
2021-01-29,11,5,63,68,7,4,8,45.33,28.0,26.67,Low,1.8
2021-01-30,11,10,79,89,10,6,11,59.33,40.0,40.0,Low,1.8
2021-01-31,13,10,93,103,11,6,13,68.67,44.0,40.0,Low,1.8
2021-02-01,11,8,73,81,9,5,10,54.0,36.0,33.33,Low,1.8
2021-02-02,14,8,54,62,7,4,8,41.33,28.0,26.67,Low,1.8
2021-02-03,11,9,79,88,10,6,11,58.67,40.0,40.0,Low,1.8
2021-02-04,15,8,110,118,13,7,14,78.67,52.0,46.67,Medium,1.8
2021-02-05,14,13,68,81,10,6,12,54.0,40.0,40.0,Low,1.8
2021-02-06,15,11,111,122,13,7,15,81.33,52.0,46.67,Medium,1.8
2021-02-07,16,7,124,131,14,8,15,87.33,56.0,53.33,Medium,1.8
2021-02-08,15,13,103,116,13,7,15,77.33,52.0,46.67,Medium,1.8
2021-02-09,15,12,74,86,10,6,12,57.33,40.0,40.0,Low,1.8
2021-02-10,16,6,77,83,9,5,10,55.33,36.0,33.33,Low,1.8
2021-02-11,15,14,70,84,10,6,12,56.0,40.0,40.0,Low,1.8
2021-02-12,15,14,99,113,13,7,15,75.33,52.0,46.67,Medium,1.8
2021-02-13,14,10,88,98,11,6,12,65.33,44.0,40.0,Low,1.8
2021-02-14,11,7,110,117,12,7,13,78.0,48.0,46.67,Medium,1.8
2021-02-15,14,10,55,65,8,4,9,43.33,32.0,26.67,Low,1.8
2021-02-16,11,7,73,80,9,5,10,53.33,36.0,33.33,Low,1.8
2021-02-17,15,12,70,82,10,6,11,54.67,40.0,40.0,Low,1.8
2021-02-18,12,7,98,105,11,6,12,70.0,44.0,40.0,Low,1.8
2021-02-19,17,13,66,79,9,5,11,52.67,36.0,33.33,Low,1.8
2021-02-20,15,9,90,99,11,6,12,66.0,44.0,40.0,Low,1.8
2021-02-21,13,11,99,110,12,7,14,73.33,48.0,46.67,Low,1.8
2021-02-22,17,8,116,124,13,7,14,82.67,52.0,46.67,Medium,1.8
2021-02-23,15,8,104,112,12,7,13,74.67,48.0,46.67,Low,1.8
2021-02-24,13,5,101,106,11,6,12,70.67,44.0,40.0,Low,1.8
2021-02-25,14,10,124,134,14,8,16,89.33,56.0,53.33,Medium,1.8
2021-02-26,16,13,118,131,15,9,17,87.33,60.0,60.0,Medium,1.8
2021-02-27,13,12,57,69,8,4,10,46.0,32.0,26.67,Low,1.8
2021-02-28,14,8,113,121,13,7,14,80.67,52.0,46.67,Medium,1.8
2021-03-01,12,5,58,63,7,4,7,42.0,28.0,26.67,Low,1.8
2021-03-02,12,5,95,100,10,6,11,66.67,40.0,40.0,Low,1.8
2021-03-03,15,7,66,73,8,4,9,48.67,32.0,26.67,Low,1.8
2021-03-04,14,10,67,77,9,5,10,51.33,36.0,33.33,Low,1.8
2021-03-05,17,15,89,104,12,7,14,69.33,48.0,46.67,Low,1.8
2021-03-06,17,16,65,81,10,6,12,54.0,40.0,40.0,Low,1.8
2021-03-07,13,11,58,69,8,4,10,46.0,32.0,26.67,Low,1.8
2021-03-08,16,11,61,72,8,4,10,48.0,32.0,26.67,Low,1.8
2021-03-09,15,11,113,124,14,8,15,82.67,56.0,53.33,Medium,1.8
2021-03-10,14,7,99,106,11,6,12,70.67,44.0,40.0,Low,1.8
2021-03-11,16,13,113,126,14,8,16,84.0,56.0,53.33,Medium,1.8
2021-03-12,18,10,80,90,10,6,12,60.0,40.0,40.0,Low,1.8
2021-03-13,15,13,63,76,9,5,11,50.67,36.0,33.33,Low,1.8
2021-03-14,17,9,69,78,9,5,10,52.0,36.0,33.33,Low,1.8
2021-03-15,17,11,67,78,9,5,11,52.0,36.0,33.33,Low,1.8
2021-03-16,18,12,58,70,8,4,10,46.67,32.0,26.67,Low,1.8
2021-03-17,14,9,66,75,8,4,10,50.0,32.0,26.67,Low,1.8
2021-03-18,18,16,105,121,14,8,16,80.67,56.0,53.33,Medium,1.8
2021-03-19,18,17,67,84,10,6,13,56.0,40.0,40.0,Low,1.8
2021-03-20,14,11,106,117,13,7,15,78.0,52.0,46.67,Medium,1.8
2021-03-21,14,11,89,100,11,6,13,66.67,44.0,40.0,Low,1.8
2021-03-22,14,7,90,97,10,6,11,64.67,40.0,40.0,Low,1.8
2021-03-23,16,7,99,106,11,6,12,70.67,44.0,40.0,Low,1.8
2021-03-24,17,14,118,132,15,9,17,88.0,60.0,60.0,Medium,1.8
2021-03-25,15,9,83,92,10,6,11,61.33,40.0,40.0,Low,1.8
2021-03-26,12,9,85,94,10,6,12,62.67,40.0,40.0,Low,1.8
2021-03-27,13,11,108,119,13,7,15,79.33,52.0,46.67,Medium,1.8
2021-03-28,15,13,58,71,9,5,11,47.33,36.0,33.33,Low,1.8
2021-03-29,14,7,88,95,10,6,11,63.33,40.0,40.0,Low,1.8
2021-03-30,13,9,85,94,10,6,12,62.67,40.0,40.0,Low,1.8
2021-03-31,16,13,103,116,13,7,15,77.33,52.0,46.67,Medium,1.8
2021-04-01,30,24,61,85,12,7,15,56.67,48.0,46.67,Low,3.5
2021-04-02,26,17,56,73,9,5,12,48.67,36.0,33.33,Low,3.5
2021-04-03,35,19,101,120,14,8,17,80.0,56.0,53.33,Medium,3.5
2021-04-04,30,19,125,144,17,10,20,96.0,68.0,66.67,High,3.5
2021-04-05,24,15,57,72,9,5,11,48.0,36.0,33.33,Low,3.5
2021-04-06,25,17,96,113,13,7,16,75.33,52.0,46.67,Medium,3.5
2021-04-07,30,25,60,85,12,7,16,56.67,48.0,46.67,Low,3.5
2021-04-08,27,19,81,100,12,7,15,66.67,48.0,46.67,Low,3.5
2021-04-09,29,18,64,82,10,6,13,54.67,40.0,40.0,Low,3.5
2021-04-10,30,19,58,77,10,6,13,51.33,40.0,40.0,Low,3.5
2021-04-11,26,15,72,87,10,6,13,58.0,40.0,40.0,Low,3.5
2021-04-12,31,29,66,95,13,7,18,63.33,52.0,46.67,Low,3.5
2021-04-13,30,12,94,106,12,7,14,70.67,48.0,46.67,Low,3.5
2021-04-14,24,15,73,88,11,6,13,58.67,44.0,40.0,Low,3.5
2021-04-15,25,18,106,124,15,9,17,82.67,60.0,60.0,Medium,3.5
2021-04-16,30,20,56,76,10,6,13,50.67,40.0,40.0,Low,3.5
2021-04-17,35,16,84,100,12,7,14,66.67,48.0,46.67,Low,3.5
2021-04-18,33,29,108,137,18,10,22,91.33,72.0,66.67,High,3.5
2021-04-19,24,17,125,142,16,9,19,94.67,64.0,60.0,High,3.5
2021-04-20,29,20,120,140,17,10,20,93.33,68.0,66.67,High,3.5
2021-04-21,24,13,59,72,9,5,11,48.0,36.0,33.33,Low,3.5
2021-04-22,28,23,109,132,16,9,20,88.0,64.0,60.0,Medium,3.5
2021-04-23,32,18,112,130,15,9,18,86.67,60.0,60.0,Medium,3.5
2021-04-24,25,24,111,135,17,10,20,90.0,68.0,66.67,Medium,3.5
2021-04-25,27,21,89,110,14,8,17,73.33,56.0,53.33,Low,3.5
2021-04-26,35,20,80,100,13,7,16,66.67,52.0,46.67,Low,3.5
2021-04-27,32,19,118,137,16,9,19,91.33,64.0,60.0,High,3.5
2021-04-28,31,19,118,137,16,9,19,91.33,64.0,60.0,High,3.5
2021-04-29,29,15,104,119,14,8,16,79.33,56.0,53.33,Medium,3.5
2021-04-30,28,23,82,105,13,7,17,70.0,52.0,46.67,Low,3.5
2021-05-01,27,16,69,85,10,6,13,56.67,40.0,40.0,Low,3.5
2021-05-02,34,21,60,81,11,6,14,54.0,44.0,40.0,Low,3.5
2021-05-03,26,23,115,138,17,10,20,92.0,68.0,66.67,High,3.5
2021-05-04,34,26,107,133,17,10,21,88.67,68.0,66.67,Medium,3.5
2021-05-05,28,16,84,100,12,7,14,66.67,48.0,46.67,Low,3.5
2021-05-06,24,23,88,111,14,8,18,74.0,56.0,53.33,Low,3.5
2021-05-07,33,25,118,143,18,10,21,95.33,72.0,66.67,High,3.5
2021-05-08,32,18,91,109,13,7,16,72.67,52.0,46.67,Low,3.5
2021-05-09,25,23,68,91,12,7,16,60.67,48.0,46.67,Low,3.5
2021-05-10,27,13,105,118,13,7,15,78.67,52.0,46.67,Medium,3.5
2021-05-11,24,18,58,76,10,6,13,50.67,40.0,40.0,Low,3.5
2021-05-12,23,12,119,131,14,8,16,87.33,56.0,53.33,Medium,3.5
2021-05-13,33,18,59,77,10,6,13,51.33,40.0,40.0,Low,3.5
2021-05-14,26,11,99,110,12,7,14,73.33,48.0,46.67,Low,3.5
2021-05-15,26,23,72,95,12,7,16,63.33,48.0,46.67,Low,3.5
2021-05-16,28,20,124,144,17,10,20,96.0,68.0,66.67,High,3.5
2021-05-17,30,13,118,131,15,9,17,87.33,60.0,60.0,Medium,3.5
2021-05-18,29,25,83,108,14,8,18,72.0,56.0,53.33,Low,3.5
2021-05-19,31,29,75,104,14,8,19,69.33,56.0,53.33,Low,3.5
2021-05-20,24,22,71,93,12,7,15,62.0,48.0,46.67,Low,3.5
2021-05-21,30,20,86,106,13,7,16,70.67,52.0,46.67,Low,3.5
2021-05-22,26,22,112,134,16,9,20,89.33,64.0,60.0,Medium,3.5
2021-05-23,27,18,96,114,14,8,16,76.0,56.0,53.33,Medium,3.5
2021-05-24,25,22,67,89,12,7,15,59.33,48.0,46.67,Low,3.5
2021-05-25,29,24,87,111,14,8,18,74.0,56.0,53.33,Low,3.5
2021-05-26,29,13,99,112,13,7,15,74.67,52.0,46.67,Low,3.5
2021-05-27,22,8,91,99,11,6,12,66.0,44.0,40.0,Low,3.5
2021-05-28,25,16,61,77,10,6,12,51.33,40.0,40.0,Low,3.5
2021-05-29,24,13,87,100,11,6,13,66.67,44.0,40.0,Low,3.5
2021-05-30,23,9,54,63,7,4,9,42.0,28.0,26.67,Low,3.5
2021-05-31,30,25,106,131,16,9,20,87.33,64.0,60.0,Medium,3.5
2021-06-01,23,13,123,136,15,9,17,90.67,60.0,60.0,High,3.5
2021-06-02,21,16,74,90,11,6,13,60.0,44.0,40.0,Low,3.5
2021-06-03,29,16,66,82,10,6,13,54.67,40.0,40.0,Low,3.5
2021-06-04,20,17,77,94,11,6,14,62.67,44.0,40.0,Low,3.5
2021-06-05,27,13,94,107,12,7,14,71.33,48.0,46.67,Low,3.5
2021-06-06,29,19,70,89,11,6,14,59.33,44.0,40.0,Low,3.5
2021-06-07,22,9,120,129,14,8,15,86.0,56.0,53.33,Medium,3.5
2021-06-08,28,18,105,123,15,9,17,82.0,60.0,60.0,Medium,3.5
2021-06-09,23,18,56,74,10,6,12,49.33,40.0,40.0,Low,3.5
2021-06-10,26,25,77,102,13,7,17,68.0,52.0,46.67,Low,3.5
2021-06-11,25,21,101,122,15,9,18,81.33,60.0,60.0,Medium,3.5
2021-06-12,25,16,103,119,14,8,16,79.33,56.0,53.33,Medium,3.5
2021-06-13,22,12,123,135,15,9,17,90.0,60.0,60.0,Medium,3.5
2021-06-14,19,15,98,113,13,7,15,75.33,52.0,46.67,Medium,3.5
2021-06-15,21,10,93,103,11,6,13,68.67,44.0,40.0,Low,3.5
2021-06-16,21,16,88,104,12,7,15,69.33,48.0,46.67,Low,3.5
2021-06-17,22,19,99,118,14,8,17,78.67,56.0,53.33,Medium,3.5
2021-06-18,24,21,67,88,11,6,15,58.67,44.0,40.0,Low,3.5
2021-06-19,26,10,86,96,11,6,12,64.0,44.0,40.0,Low,3.5
2021-06-20,19,11,82,93,10,6,12,62.0,40.0,40.0,Low,3.5
2021-06-21,25,10,109,119,13,7,14,79.33,52.0,46.67,Medium,3.5
2021-06-22,19,11,92,103,11,6,13,68.67,44.0,40.0,Low,3.5
2021-06-23,23,17,121,138,16,9,18,92.0,64.0,60.0,High,3.5
2021-06-24,18,14,84,98,11,6,14,65.33,44.0,40.0,Low,3.5
2021-06-25,19,10,57,67,8,4,9,44.67,32.0,26.67,Low,3.5
2021-06-26,22,19,99,118,14,8,17,78.67,56.0,53.33,Medium,3.5
2021-06-27,25,23,103,126,16,9,19,84.0,64.0,60.0,Medium,3.5
2021-06-28,22,21,64,85,11,6,14,56.67,44.0,40.0,Low,3.5
2021-06-29,24,14,115,129,15,9,17,86.0,60.0,60.0,Medium,3.5
2021-06-30,18,10,81,91,10,6,12,60.67,40.0,40.0,Low,3.5
2021-07-01,8,5,86,91,9,5,10,60.67,36.0,33.33,Low,1.5
2021-07-02,7,6,63,69,7,4,8,46.0,28.0,26.67,Low,1.5
2021-07-03,9,6,59,65,7,4,8,43.33,28.0,26.67,Low,1.5
2021-07-04,7,5,79,84,9,5,9,56.0,36.0,33.33,Low,1.5
2021-07-05,10,9,73,82,9,5,10,54.67,36.0,33.33,Low,1.5
2021-07-06,9,6,72,78,8,4,9,52.0,32.0,26.67,Low,1.5
2021-07-07,8,6,87,93,10,6,11,62.0,40.0,40.0,Low,1.5
2021-07-08,9,5,73,78,8,4,9,52.0,32.0,26.67,Low,1.5
2021-07-09,8,4,78,82,8,4,9,54.67,32.0,26.67,Low,1.5
2021-07-10,8,7,81,88,9,5,10,58.67,36.0,33.33,Low,1.5
2021-07-11,7,5,85,90,9,5,10,60.0,36.0,33.33,Low,1.5
2021-07-12,9,8,121,129,14,8,15,86.0,56.0,53.33,Medium,1.5
2021-07-13,7,5,64,69,7,4,8,46.0,28.0,26.67,Low,1.5
2021-07-14,8,5,55,60,6,3,7,40.0,24.0,20.0,Low,1.5
2021-07-15,7,5,72,77,8,4,9,51.33,32.0,26.67,Low,1.5
2021-07-16,6,2,95,97,10,6,10,64.67,40.0,40.0,Low,1.5
2021-07-17,9,5,123,128,13,7,14,85.33,52.0,46.67,Medium,1.5
2021-07-18,8,6,68,74,8,4,9,49.33,32.0,26.67,Low,1.5
2021-07-19,9,4,119,123,12,7,13,82.0,48.0,46.67,Medium,1.5
2021-07-20,8,3,79,82,8,4,9,54.67,32.0,26.67,Low,1.5
2021-07-21,6,4,108,112,11,6,12,74.67,44.0,40.0,Low,1.5
2021-07-22,7,4,125,129,13,7,14,86.0,52.0,46.67,Medium,1.5
2021-07-23,6,5,59,64,7,4,7,42.67,28.0,26.67,Low,1.5
2021-07-24,8,5,98,103,11,6,11,68.67,44.0,40.0,Low,1.5
2021-07-25,9,7,77,84,9,5,10,56.0,36.0,33.33,Low,1.5
2021-07-26,7,2,54,56,5,3,6,37.33,20.0,20.0,Low,1.5
2021-07-27,8,6,105,111,12,7,12,74.0,48.0,46.67,Low,1.5
2021-07-28,6,4,100,104,11,6,11,69.33,44.0,40.0,Low,1.5
2021-07-29,8,4,96,100,10,6,11,66.67,40.0,40.0,Low,1.5
2021-07-30,6,5,122,127,13,7,14,84.67,52.0,46.67,Medium,1.5
2021-07-31,7,3,98,101,10,6,11,67.33,40.0,40.0,Low,1.5
2021-08-01,7,3,60,63,6,3,7,42.0,24.0,20.0,Low,1.5
2021-08-02,6,2,79,81,8,4,8,54.0,32.0,26.67,Low,1.5
2021-08-03,6,3,76,79,8,4,8,52.67,32.0,26.67,Low,1.5
2021-08-04,5,3,87,90,9,5,9,60.0,36.0,33.33,Low,1.5
2021-08-05,5,3,89,92,9,5,10,61.33,36.0,33.33,Low,1.5
2021-08-06,6,5,98,103,11,6,11,68.67,44.0,40.0,Low,1.5
2021-08-07,7,3,79,82,8,4,9,54.67,32.0,26.67,Low,1.5
2021-08-08,8,6,79,85,9,5,10,56.67,36.0,33.33,Low,1.5
2021-08-09,6,3,78,81,8,4,9,54.0,32.0,26.67,Low,1.5
2021-08-10,7,3,68,71,7,4,8,47.33,28.0,26.67,Low,1.5
2021-08-11,6,2,69,71,7,4,7,47.33,28.0,26.67,Low,1.5
2021-08-12,6,5,65,70,7,4,8,46.67,28.0,26.67,Low,1.5
2021-08-13,7,4,65,69,7,4,8,46.0,28.0,26.67,Low,1.5
2021-08-14,7,3,101,104,10,6,11,69.33,40.0,40.0,Low,1.5
2021-08-15,5,2,117,119,12,7,12,79.33,48.0,46.67,Medium,1.5
2021-08-16,5,3,61,64,6,3,7,42.67,24.0,20.0,Low,1.5
2021-08-17,6,3,65,68,7,4,7,45.33,28.0,26.67,Low,1.5
2021-08-18,6,5,88,93,10,6,10,62.0,40.0,40.0,Low,1.5
2021-08-19,6,5,98,103,11,6,11,68.67,44.0,40.0,Low,1.5
2021-08-20,6,3,88,91,9,5,10,60.67,36.0,33.33,Low,1.5
2021-08-21,5,3,76,79,8,4,8,52.67,32.0,26.67,Low,1.5
2021-08-22,6,4,107,111,11,6,12,74.0,44.0,40.0,Low,1.5
2021-08-23,6,3,95,98,10,6,10,65.33,40.0,40.0,Low,1.5
2021-08-24,5,2,77,79,8,4,8,52.67,32.0,26.67,Low,1.5
2021-08-25,6,3,122,125,12,7,13,83.33,48.0,46.67,Medium,1.5
2021-08-26,5,2,116,118,12,7,12,78.67,48.0,46.67,Medium,1.5
2021-08-27,6,2,87,89,9,5,9,59.33,36.0,33.33,Low,1.5
2021-08-28,6,3,84,87,9,5,9,58.0,36.0,33.33,Low,1.5
2021-08-29,6,5,84,89,9,5,10,59.33,36.0,33.33,Low,1.5
2021-08-30,5,2,89,91,9,5,9,60.67,36.0,33.33,Low,1.5
2021-08-31,5,2,107,109,11,6,11,72.67,44.0,40.0,Low,1.5
2021-09-01,5,3,65,68,7,4,7,45.33,28.0,26.67,Low,1.5
2021-09-02,5,3,56,59,6,3,6,39.33,24.0,20.0,Low,1.5
2021-09-03,4,3,115,118,12,7,12,78.67,48.0,46.67,Medium,1.5
2021-09-04,6,2,69,71,7,4,7,47.33,28.0,26.67,Low,1.5
2021-09-05,6,2,105,107,11,6,11,71.33,44.0,40.0,Low,1.5
2021-09-06,4,2,90,92,9,5,9,61.33,36.0,33.33,Low,1.5
2021-09-07,6,5,96,101,10,6,11,67.33,40.0,40.0,Low,1.5
2021-09-08,5,3,113,116,12,7,12,77.33,48.0,46.67,Medium,1.5
2021-09-09,5,2,101,103,10,6,10,68.67,40.0,40.0,Low,1.5
2021-09-10,4,3,75,78,8,4,8,52.0,32.0,26.67,Low,1.5
2021-09-11,6,2,112,114,11,6,12,76.0,44.0,40.0,Medium,1.5
2021-09-12,5,4,96,100,10,6,11,66.67,40.0,40.0,Low,1.5
2021-09-13,5,3,107,110,11,6,11,73.33,44.0,40.0,Low,1.5
2021-09-14,6,5,70,75,8,4,9,50.0,32.0,26.67,Low,1.5
2021-09-15,6,5,97,102,10,6,11,68.0,40.0,40.0,Low,1.5
2021-09-16,5,4,93,97,10,6,10,64.67,40.0,40.0,Low,1.5
2021-09-17,6,4,88,92,9,5,10,61.33,36.0,33.33,Low,1.5
2021-09-18,4,3,98,101,10,6,11,67.33,40.0,40.0,Low,1.5
2021-09-19,5,2,105,107,11,6,11,71.33,44.0,40.0,Low,1.5
2021-09-20,5,2,114,116,11,6,12,77.33,44.0,40.0,Medium,1.5
2021-09-21,6,2,86,88,9,5,9,58.67,36.0,33.33,Low,1.5
2021-09-22,5,2,56,58,6,3,6,38.67,24.0,20.0,Low,1.5
2021-09-23,5,3,98,101,10,6,11,67.33,40.0,40.0,Low,1.5
2021-09-24,5,3,84,87,9,5,9,58.0,36.0,33.33,Low,1.5
2021-09-25,5,3,124,127,13,7,13,84.67,52.0,46.67,Medium,1.5
2021-09-26,6,2,115,117,12,7,12,78.0,48.0,46.67,Medium,1.5
2021-09-27,5,4,64,68,7,4,8,45.33,28.0,26.67,Low,1.5
2021-09-28,5,2,102,104,10,6,11,69.33,40.0,40.0,Low,1.5
2021-09-29,6,3,55,58,6,3,6,38.67,24.0,20.0,Low,1.5
2021-09-30,6,3,74,77,8,4,8,51.33,32.0,26.67,Low,1.5
2021-10-01,8,4,123,127,13,7,13,84.67,52.0,46.67,Medium,2.2
2021-10-02,8,5,73,78,8,4,9,52.0,32.0,26.67,Low,2.2
2021-10-03,9,7,86,93,10,6,11,62.0,40.0,40.0,Low,2.2
2021-10-04,8,6,70,76,8,4,9,50.67,32.0,26.67,Low,2.2
2021-10-05,8,5,80,85,9,5,10,56.67,36.0,33.33,Low,2.2
2021-10-06,7,6,90,96,10,6,11,64.0,40.0,40.0,Low,2.2
2021-10-07,9,3,121,124,12,7,13,82.67,48.0,46.67,Medium,2.2
2021-10-08,7,5,67,72,7,4,8,48.0,28.0,26.67,Low,2.2
2021-10-09,8,5,71,76,8,4,9,50.67,32.0,26.67,Low,2.2
2021-10-10,8,4,96,100,10,6,11,66.67,40.0,40.0,Low,2.2
2021-10-11,9,5,74,79,8,4,9,52.67,32.0,26.67,Low,2.2
2021-10-12,6,4,125,129,13,7,14,86.0,52.0,46.67,Medium,2.2
2021-10-13,6,3,80,83,8,4,9,55.33,32.0,26.67,Low,2.2
2021-10-14,8,4,84,88,9,5,10,58.67,36.0,33.33,Low,2.2
2021-10-15,9,8,74,82,9,5,10,54.67,36.0,33.33,Low,2.2
2021-10-16,7,3,71,74,7,4,8,49.33,28.0,26.67,Low,2.2
2021-10-17,8,4,89,93,9,5,10,62.0,36.0,33.33,Low,2.2
2021-10-18,8,3,80,83,8,4,9,55.33,32.0,26.67,Low,2.2
2021-10-19,9,6,60,66,7,4,8,44.0,28.0,26.67,Low,2.2
2021-10-20,9,4,61,65,7,4,7,43.33,28.0,26.67,Low,2.2
2021-10-21,7,4,63,67,7,4,7,44.67,28.0,26.67,Low,2.2
2021-10-22,6,5,91,96,10,6,11,64.0,40.0,40.0,Low,2.2
2021-10-23,7,5,72,77,8,4,9,51.33,32.0,26.67,Low,2.2
2021-10-24,7,5,89,94,10,6,10,62.67,40.0,40.0,Low,2.2
2021-10-25,9,6,101,107,11,6,12,71.33,44.0,40.0,Low,2.2
2021-10-26,8,7,84,91,10,6,11,60.67,40.0,40.0,Low,2.2
2021-10-27,9,5,71,76,8,4,9,50.67,32.0,26.67,Low,2.2
2021-10-28,9,5,80,85,9,5,10,56.67,36.0,33.33,Low,2.2
2021-10-29,8,4,120,124,13,7,13,82.67,52.0,46.67,Medium,2.2
2021-10-30,7,5,104,109,11,6,12,72.67,44.0,40.0,Low,2.2
2021-10-31,9,7,106,113,12,7,13,75.33,48.0,46.67,Medium,2.2
2021-11-01,7,5,70,75,8,4,9,50.0,32.0,26.67,Low,2.2
2021-11-02,7,4,97,101,10,6,11,67.33,40.0,40.0,Low,2.2
2021-11-03,10,5,107,112,11,6,12,74.67,44.0,40.0,Low,2.2
2021-11-04,7,5,61,66,7,4,8,44.0,28.0,26.67,Low,2.2
2021-11-05,9,5,96,101,10,6,11,67.33,40.0,40.0,Low,2.2
2021-11-06,8,6,64,70,7,4,8,46.67,28.0,26.67,Low,2.2
2021-11-07,8,5,84,89,9,5,10,59.33,36.0,33.33,Low,2.2
2021-11-08,10,5,99,104,11,6,11,69.33,44.0,40.0,Low,2.2
2021-11-09,8,5,121,126,13,7,14,84.0,52.0,46.67,Medium,2.2
2021-11-10,11,6,115,121,13,7,13,80.67,52.0,46.67,Medium,2.2
2021-11-11,9,8,124,132,14,8,15,88.0,56.0,53.33,Medium,2.2
2021-11-12,10,5,79,84,9,5,9,56.0,36.0,33.33,Low,2.2
2021-11-13,10,4,65,69,7,4,8,46.0,28.0,26.67,Low,2.2
2021-11-14,8,5,108,113,12,7,12,75.33,48.0,46.67,Medium,2.2
2021-11-15,9,5,81,86,9,5,10,57.33,36.0,33.33,Low,2.2
2021-11-16,10,5,97,102,10,6,11,68.0,40.0,40.0,Low,2.2
2021-11-17,11,6,93,99,10,6,11,66.0,40.0,40.0,Low,2.2
2021-11-18,10,7,114,121,13,7,14,80.67,52.0,46.67,Medium,2.2
2021-11-19,10,9,116,125,13,7,15,83.33,52.0,46.67,Medium,2.2
2021-11-20,11,10,96,106,12,7,13,70.67,48.0,46.67,Low,2.2
2021-11-21,10,5,82,87,9,5,10,58.0,36.0,33.33,Low,2.2
2021-11-22,11,4,118,122,12,7,13,81.33,48.0,46.67,Medium,2.2
2021-11-23,10,5,91,96,10,6,11,64.0,40.0,40.0,Low,2.2
2021-11-24,12,6,89,95,10,6,11,63.33,40.0,40.0,Low,2.2
2021-11-25,11,6,113,119,12,7,13,79.33,48.0,46.67,Medium,2.2
2021-11-26,9,3,75,78,8,4,8,52.0,32.0,26.67,Low,2.2
2021-11-27,10,8,76,84,9,5,10,56.0,36.0,33.33,Low,2.2
2021-11-28,10,9,125,134,14,8,16,89.33,56.0,53.33,Medium,2.2
2021-11-29,9,8,81,89,10,6,11,59.33,40.0,40.0,Low,2.2
2021-11-30,10,6,108,114,12,7,13,76.0,48.0,46.67,Medium,2.2
2021-12-01,11,5,104,109,11,6,12,72.67,44.0,40.0,Low,2.2
2021-12-02,12,8,92,100,11,6,12,66.67,44.0,40.0,Low,2.2
2021-12-03,8,4,93,97,10,6,10,64.67,40.0,40.0,Low,2.2
2021-12-04,10,7,77,84,9,5,10,56.0,36.0,33.33,Low,2.2
2021-12-05,10,4,110,114,12,7,12,76.0,48.0,46.67,Medium,2.2
2021-12-06,11,8,92,100,11,6,12,66.67,44.0,40.0,Low,2.2
2021-12-07,12,11,68,79,9,5,11,52.67,36.0,33.33,Low,2.2
2021-12-08,12,5,114,119,12,7,13,79.33,48.0,46.67,Medium,2.2
2021-12-09,13,6,93,99,10,6,11,66.0,40.0,40.0,Low,2.2
2021-12-10,12,8,66,74,8,4,9,49.33,32.0,26.67,Low,2.2
2021-12-11,12,5,66,71,7,4,8,47.33,28.0,26.67,Low,2.2
2021-12-12,13,8,63,71,8,4,9,47.33,32.0,26.67,Low,2.2
2021-12-13,9,4,119,123,12,7,13,82.0,48.0,46.67,Medium,2.2
2021-12-14,10,7,55,62,7,4,8,41.33,28.0,26.67,Low,2.2
2021-12-15,12,4,61,65,7,4,7,43.33,28.0,26.67,Low,2.2
2021-12-16,13,10,88,98,11,6,12,65.33,44.0,40.0,Low,2.2
2021-12-17,11,9,65,74,8,4,10,49.33,32.0,26.67,Low,2.2
2021-12-18,12,7,115,122,13,7,14,81.33,52.0,46.67,Medium,2.2
2021-12-19,14,10,121,131,14,8,16,87.33,56.0,53.33,Medium,2.2
2021-12-20,10,7,102,109,11,6,13,72.67,44.0,40.0,Low,2.2
2021-12-21,10,7,116,123,13,7,14,82.0,52.0,46.67,Medium,2.2
2021-12-22,15,6,87,93,10,6,11,62.0,40.0,40.0,Low,2.2
2021-12-23,13,11,80,91,10,6,12,60.67,40.0,40.0,Low,2.2
2021-12-24,14,13,72,85,10,6,12,56.67,40.0,40.0,Low,2.2
2021-12-25,13,9,66,75,8,4,10,50.0,32.0,26.67,Low,2.2
2021-12-26,13,11,111,122,13,7,15,81.33,52.0,46.67,Medium,2.2
2021-12-27,13,5,92,97,10,6,11,64.67,40.0,40.0,Low,2.2
2021-12-28,11,9,108,117,13,7,14,78.0,52.0,46.67,Medium,2.2
2021-12-29,11,10,105,115,13,7,14,76.67,52.0,46.67,Medium,2.2
2021-12-30,12,9,86,95,10,6,12,63.33,40.0,40.0,Low,2.2
2021-12-31,11,5,124,129,13,7,14,86.0,52.0,46.67,Medium,2.2
2022-01-01,19,14,65,79,10,6,12,52.67,40.0,40.0,Low,2.8
2022-01-02,16,7,100,107,11,6,12,71.33,44.0,40.0,Low,2.8
2022-01-03,15,10,75,85,10,6,11,56.67,40.0,40.0,Low,2.8
2022-01-04,20,9,95,104,11,6,13,69.33,44.0,40.0,Low,2.8
2022-01-05,19,8,77,85,9,5,10,56.67,36.0,33.33,Low,2.8
2022-01-06,14,8,114,122,13,7,14,81.33,52.0,46.67,Medium,2.8
2022-01-07,18,11,108,119,13,7,15,79.33,52.0,46.67,Medium,2.8
2022-01-08,18,16,118,134,15,9,18,89.33,60.0,60.0,Medium,2.8
2022-01-09,20,9,82,91,10,6,11,60.67,40.0,40.0,Low,2.8
2022-01-10,20,8,65,73,8,4,9,48.67,32.0,26.67,Low,2.8
2022-01-11,15,7,93,100,11,6,12,66.67,44.0,40.0,Low,2.8
2022-01-12,19,16,85,101,12,7,14,67.33,48.0,46.67,Low,2.8
2022-01-13,18,10,57,67,8,4,9,44.67,32.0,26.67,Low,2.8
2022-01-14,18,16,54,70,9,5,11,46.67,36.0,33.33,Low,2.8
2022-01-15,21,10,112,122,13,7,15,81.33,52.0,46.67,Medium,2.8
2022-01-16,19,8,72,80,9,5,10,53.33,36.0,33.33,Low,2.8
2022-01-17,20,16,82,98,12,7,14,65.33,48.0,46.67,Low,2.8
2022-01-18,16,11,63,74,9,5,10,49.33,36.0,33.33,Low,2.8
2022-01-19,16,9,90,99,11,6,12,66.0,44.0,40.0,Low,2.8
2022-01-20,19,14,120,134,15,9,17,89.33,60.0,60.0,Medium,2.8
2022-01-21,16,13,80,93,11,6,13,62.0,44.0,40.0,Low,2.8
2022-01-22,17,16,85,101,12,7,14,67.33,48.0,46.67,Low,2.8
2022-01-23,17,10,120,130,14,8,16,86.67,56.0,53.33,Medium,2.8
2022-01-24,17,8,55,63,7,4,8,42.0,28.0,26.67,Low,2.8
2022-01-25,20,12,66,78,9,5,11,52.0,36.0,33.33,Low,2.8
2022-01-26,16,6,75,81,9,5,9,54.0,36.0,33.33,Low,2.8
2022-01-27,24,19,54,73,10,6,13,48.67,40.0,40.0,Low,2.8
2022-01-28,23,10,110,120,13,7,15,80.0,52.0,46.67,Medium,2.8
2022-01-29,24,20,57,77,10,6,13,51.33,40.0,40.0,Low,2.8
2022-01-30,24,13,111,124,14,8,16,82.67,56.0,53.33,Medium,2.8
2022-01-31,24,18,98,116,14,8,17,77.33,56.0,53.33,Medium,2.8
2022-02-01,20,14,100,114,13,7,15,76.0,52.0,46.67,Medium,2.8
2022-02-02,24,18,87,105,13,7,15,70.0,52.0,46.67,Low,2.8
2022-02-03,20,18,63,81,10,6,13,54.0,40.0,40.0,Low,2.8
2022-02-04,23,19,76,95,12,7,15,63.33,48.0,46.67,Low,2.8
2022-02-05,19,15,102,117,13,7,16,78.0,52.0,46.67,Medium,2.8
2022-02-06,21,9,70,79,9,5,10,52.67,36.0,33.33,Low,2.8
2022-02-07,18,15,57,72,9,5,11,48.0,36.0,33.33,Low,2.8
2022-02-08,19,9,75,84,9,5,11,56.0,36.0,33.33,Low,2.8
2022-02-09,18,16,99,115,13,7,16,76.67,52.0,46.67,Medium,2.8
2022-02-10,19,9,71,80,9,5,10,53.33,36.0,33.33,Low,2.8
2022-02-11,21,12,81,93,11,6,12,62.0,44.0,40.0,Low,2.8
2022-02-12,22,19,110,129,15,9,18,86.0,60.0,60.0,Medium,2.8
2022-02-13,18,16,98,114,13,7,16,76.0,52.0,46.67,Medium,2.8
2022-02-14,18,8,119,127,13,7,15,84.67,52.0,46.67,Medium,2.8
2022-02-15,23,13,125,138,15,9,17,92.0,60.0,60.0,High,2.8
2022-02-16,26,14,77,91,11,6,13,60.67,44.0,40.0,Low,2.8
2022-02-17,19,9,123,132,14,8,15,88.0,56.0,53.33,Medium,2.8
2022-02-18,24,14,118,132,15,9,17,88.0,60.0,60.0,Medium,2.8
2022-02-19,23,18,110,128,15,9,18,85.33,60.0,60.0,Medium,2.8
2022-02-20,24,10,106,116,13,7,14,77.33,52.0,46.67,Medium,2.8
2022-02-21,21,20,76,96,12,7,15,64.0,48.0,46.67,Low,2.8
2022-02-22,23,22,59,81,11,6,14,54.0,44.0,40.0,Low,2.8
2022-02-23,20,9,58,67,8,4,9,44.67,32.0,26.67,Low,2.8
2022-02-24,19,16,100,116,14,8,16,77.33,56.0,53.33,Medium,2.8
2022-02-25,24,13,66,79,9,5,11,52.67,36.0,33.33,Low,2.8
2022-02-26,27,15,74,89,11,6,13,59.33,44.0,40.0,Low,2.8
2022-02-27,19,13,93,106,12,7,14,70.67,48.0,46.67,Low,2.8
2022-02-28,19,16,60,76,10,6,12,50.67,40.0,40.0,Low,2.8
2022-03-01,11,7,83,90,10,6,11,60.0,40.0,40.0,Low,1.3
2022-03-02,10,7,82,89,9,5,11,59.33,36.0,33.33,Low,1.3
2022-03-03,11,9,60,69,8,4,9,46.0,32.0,26.67,Low,1.3
2022-03-04,12,8,72,80,9,5,10,53.33,36.0,33.33,Low,1.3
2022-03-05,9,5,111,116,12,7,13,77.33,48.0,46.67,Medium,1.3
2022-03-06,10,4,96,100,10,6,11,66.67,40.0,40.0,Low,1.3
2022-03-07,12,9,59,68,8,4,9,45.33,32.0,26.67,Low,1.3
2022-03-08,11,7,56,63,7,4,8,42.0,28.0,26.67,Low,1.3
2022-03-09,10,8,59,67,7,4,9,44.67,28.0,26.67,Low,1.3
2022-03-10,12,5,112,117,12,7,13,78.0,48.0,46.67,Medium,1.3
2022-03-11,12,6,98,104,11,6,12,69.33,44.0,40.0,Low,1.3
2022-03-12,12,11,89,100,11,6,13,66.67,44.0,40.0,Low,1.3
2022-03-13,8,6,97,103,11,6,12,68.67,44.0,40.0,Low,1.3
2022-03-14,13,11,106,117,13,7,15,78.0,52.0,46.67,Medium,1.3
2022-03-15,10,6,76,82,9,5,10,54.67,36.0,33.33,Low,1.3
2022-03-16,9,4,105,109,11,6,12,72.67,44.0,40.0,Low,1.3
2022-03-17,13,11,54,65,8,4,9,43.33,32.0,26.67,Low,1.3
2022-03-18,11,5,68,73,8,4,8,48.67,32.0,26.67,Low,1.3
2022-03-19,9,8,64,72,8,4,9,48.0,32.0,26.67,Low,1.3
2022-03-20,11,9,115,124,13,7,15,82.67,52.0,46.67,Medium,1.3
2022-03-21,12,7,56,63,7,4,8,42.0,28.0,26.67,Low,1.3
2022-03-22,12,10,74,84,9,5,11,56.0,36.0,33.33,Low,1.3
2022-03-23,12,5,119,124,13,7,13,82.67,52.0,46.67,Medium,1.3
2022-03-24,12,10,121,131,14,8,16,87.33,56.0,53.33,Medium,1.3
2022-03-25,12,6,107,113,12,7,13,75.33,48.0,46.67,Medium,1.3
2022-03-26,9,7,69,76,8,4,9,50.67,32.0,26.67,Low,1.3
2022-03-27,10,5,93,98,10,6,11,65.33,40.0,40.0,Low,1.3
2022-03-28,12,5,87,92,9,5,10,61.33,36.0,33.33,Low,1.3
2022-03-29,12,5,62,67,7,4,8,44.67,28.0,26.67,Low,1.3
2022-03-30,12,6,58,64,7,4,8,42.67,28.0,26.67,Low,1.3
2022-03-31,12,8,106,114,12,7,13,76.0,48.0,46.67,Medium,1.3
2022-04-01,12,9,110,119,13,7,14,79.33,52.0,46.67,Medium,1.3
2022-04-02,12,5,121,126,13,7,14,84.0,52.0,46.67,Medium,1.3
2022-04-03,10,8,100,108,12,7,13,72.0,48.0,46.67,Low,1.3
2022-04-04,12,9,113,122,13,7,14,81.33,52.0,46.67,Medium,1.3
2022-04-05,12,6,71,77,8,4,9,51.33,32.0,26.67,Low,1.3
2022-04-06,12,5,124,129,13,7,14,86.0,52.0,46.67,Medium,1.3
2022-04-07,9,5,94,99,10,6,11,66.0,40.0,40.0,Low,1.3
2022-04-08,12,5,121,126,13,7,14,84.0,52.0,46.67,Medium,1.3
2022-04-09,11,8,72,80,9,5,10,53.33,36.0,33.33,Low,1.3
2022-04-10,12,9,73,82,9,5,10,54.67,36.0,33.33,Low,1.3
2022-04-11,11,9,64,73,8,4,10,48.67,32.0,26.67,Low,1.3
2022-04-12,11,5,119,124,13,7,13,82.67,52.0,46.67,Medium,1.3
2022-04-13,12,8,96,104,11,6,12,69.33,44.0,40.0,Low,1.3
2022-04-14,9,6,70,76,8,4,9,50.67,32.0,26.67,Low,1.3
2022-04-15,10,4,117,121,12,7,13,80.67,48.0,46.67,Medium,1.3
2022-04-16,10,7,66,73,8,4,9,48.67,32.0,26.67,Low,1.3
2022-04-17,10,6,91,97,10,6,11,64.67,40.0,40.0,Low,1.3
2022-04-18,12,7,103,110,12,7,13,73.33,48.0,46.67,Low,1.3
2022-04-19,11,7,83,90,10,6,11,60.0,40.0,40.0,Low,1.3
2022-04-20,9,7,112,119,12,7,14,79.33,48.0,46.67,Medium,1.3
2022-04-21,10,7,110,117,12,7,13,78.0,48.0,46.67,Medium,1.3
2022-04-22,11,10,100,110,12,7,14,73.33,48.0,46.67,Low,1.3
2022-04-23,11,5,113,118,12,7,13,78.67,48.0,46.67,Medium,1.3
2022-04-24,11,5,120,125,13,7,14,83.33,52.0,46.67,Medium,1.3
2022-04-25,10,4,87,91,9,5,10,60.67,36.0,33.33,Low,1.3
2022-04-26,10,7,55,62,7,4,8,41.33,28.0,26.67,Low,1.3
2022-04-27,10,9,81,90,10,6,11,60.0,40.0,40.0,Low,1.3
2022-04-28,9,8,115,123,13,7,14,82.0,52.0,46.67,Medium,1.3
2022-04-29,9,4,69,73,7,4,8,48.67,28.0,26.67,Low,1.3
2022-04-30,11,8,57,65,7,4,8,43.33,28.0,26.67,Low,1.3
2022-05-01,10,9,101,110,12,7,13,73.33,48.0,46.67,Low,1.3
2022-05-02,12,8,116,124,13,7,14,82.67,52.0,46.67,Medium,1.3
2022-05-03,12,5,89,94,10,6,10,62.67,40.0,40.0,Low,1.3
2022-05-04,10,7,112,119,12,7,14,79.33,48.0,46.67,Medium,1.3
2022-05-05,9,7,88,95,10,6,11,63.33,40.0,40.0,Low,1.3
2022-05-06,8,7,103,110,12,7,13,73.33,48.0,46.67,Low,1.3
2022-05-07,9,8,104,112,12,7,13,74.67,48.0,46.67,Low,1.3
2022-05-08,10,7,90,97,10,6,11,64.67,40.0,40.0,Low,1.3
2022-05-09,11,5,61,66,7,4,8,44.0,28.0,26.67,Low,1.3
2022-05-10,9,3,122,125,12,7,13,83.33,48.0,46.67,Medium,1.3
2022-05-11,8,7,100,107,11,6,12,71.33,44.0,40.0,Low,1.3
2022-05-12,9,4,66,70,7,4,8,46.67,28.0,26.67,Low,1.3
2022-05-13,8,3,100,103,10,6,11,68.67,40.0,40.0,Low,1.3
2022-05-14,11,7,123,130,14,8,15,86.67,56.0,53.33,Medium,1.3
2022-05-15,11,5,57,62,6,3,7,41.33,24.0,20.0,Low,1.3
2022-05-16,10,6,112,118,12,7,13,78.67,48.0,46.67,Medium,1.3
2022-05-17,8,5,118,123,13,7,13,82.0,52.0,46.67,Medium,1.3
2022-05-18,11,8,116,124,13,7,14,82.67,52.0,46.67,Medium,1.3
2022-05-19,12,5,65,70,7,4,8,46.67,28.0,26.67,Low,1.3
2022-05-20,8,4,73,77,8,4,8,51.33,32.0,26.67,Low,1.3
2022-05-21,10,5,67,72,7,4,8,48.0,28.0,26.67,Low,1.3
2022-05-22,8,6,68,74,8,4,9,49.33,32.0,26.67,Low,1.3
2022-05-23,9,8,56,64,7,4,8,42.67,28.0,26.67,Low,1.3
2022-05-24,9,8,67,75,8,4,9,50.0,32.0,26.67,Low,1.3
2022-05-25,10,8,55,63,7,4,8,42.0,28.0,26.67,Low,1.3
2022-05-26,9,8,88,96,10,6,12,64.0,40.0,40.0,Low,1.3
2022-05-27,11,5,68,73,8,4,8,48.67,32.0,26.67,Low,1.3
2022-05-28,8,5,79,84,9,5,9,56.0,36.0,33.33,Low,1.3
2022-05-29,10,6,87,93,10,6,11,62.0,40.0,40.0,Low,1.3
2022-05-30,8,3,119,122,12,7,13,81.33,48.0,46.67,Medium,1.3
2022-05-31,10,8,116,124,13,7,14,82.67,52.0,46.67,Medium,1.3
2022-06-01,8,6,108,114,12,7,13,76.0,48.0,46.67,Medium,1.3
2022-06-02,8,7,117,124,13,7,14,82.67,52.0,46.67,Medium,1.3
2022-06-03,8,4,83,87,9,5,9,58.0,36.0,33.33,Low,1.3
2022-06-04,11,10,87,97,11,6,12,64.67,44.0,40.0,Low,1.3
2022-06-05,9,8,58,66,7,4,9,44.0,28.0,26.67,Low,1.3
2022-06-06,10,6,115,121,13,7,13,80.67,52.0,46.67,Medium,1.3
2022-06-07,10,6,92,98,10,6,11,65.33,40.0,40.0,Low,1.3
2022-06-08,7,6,96,102,11,6,12,68.0,44.0,40.0,Low,1.3
2022-06-09,9,6,104,110,11,6,12,73.33,44.0,40.0,Low,1.3
2022-06-10,10,6,65,71,8,4,8,47.33,32.0,26.67,Low,1.3
2022-06-11,10,4,71,75,8,4,8,50.0,32.0,26.67,Low,1.3
2022-06-12,7,6,91,97,10,6,11,64.67,40.0,40.0,Low,1.3
2022-06-13,10,8,82,90,10,6,11,60.0,40.0,40.0,Low,1.3
2022-06-14,10,8,111,119,13,7,14,79.33,52.0,46.67,Medium,1.3
2022-06-15,7,3,80,83,8,4,9,55.33,32.0,26.67,Low,1.3
2022-06-16,8,5,94,99,10,6,11,66.0,40.0,40.0,Low,1.3
2022-06-17,8,3,58,61,6,3,7,40.67,24.0,20.0,Low,1.3
2022-06-18,7,4,106,110,11,6,12,73.33,44.0,40.0,Low,1.3
2022-06-19,8,7,81,88,9,5,10,58.67,36.0,33.33,Low,1.3
2022-06-20,7,4,107,111,11,6,12,74.0,44.0,40.0,Low,1.3
2022-06-21,7,6,67,73,8,4,9,48.67,32.0,26.67,Low,1.3
2022-06-22,8,6,100,106,11,6,12,70.67,44.0,40.0,Low,1.3
2022-06-23,8,6,85,91,10,6,10,60.67,40.0,40.0,Low,1.3
2022-06-24,8,5,104,109,11,6,12,72.67,44.0,40.0,Low,1.3
2022-06-25,9,8,103,111,12,7,13,74.0,48.0,46.67,Low,1.3
2022-06-26,8,6,75,81,9,5,9,54.0,36.0,33.33,Low,1.3
2022-06-27,9,4,88,92,9,5,10,61.33,36.0,33.33,Low,1.3
2022-06-28,7,4,84,88,9,5,10,58.67,36.0,33.33,Low,1.3
2022-06-29,7,5,97,102,10,6,11,68.0,40.0,40.0,Low,1.3
2022-06-30,8,7,83,90,10,6,11,60.0,40.0,40.0,Low,1.3
2022-07-01,7,6,98,104,11,6,12,69.33,44.0,40.0,Low,1.1
2022-07-02,8,4,67,71,7,4,8,47.33,28.0,26.67,Low,1.1
2022-07-03,7,4,100,104,11,6,11,69.33,44.0,40.0,Low,1.1
2022-07-04,7,4,69,73,7,4,8,48.67,28.0,26.67,Low,1.1
2022-07-05,5,2,109,111,11,6,11,74.0,44.0,40.0,Low,1.1
2022-07-06,7,5,120,125,13,7,14,83.33,52.0,46.67,Medium,1.1
2022-07-07,7,3,76,79,8,4,8,52.67,32.0,26.67,Low,1.1
2022-07-08,6,5,116,121,12,7,13,80.67,48.0,46.67,Medium,1.1
2022-07-09,6,4,84,88,9,5,10,58.67,36.0,33.33,Low,1.1
2022-07-10,7,3,110,113,11,6,12,75.33,44.0,40.0,Medium,1.1
2022-07-11,7,4,84,88,9,5,10,58.67,36.0,33.33,Low,1.1
2022-07-12,7,3,75,78,8,4,8,52.0,32.0,26.67,Low,1.1
2022-07-13,5,4,87,91,9,5,10,60.67,36.0,33.33,Low,1.1
2022-07-14,7,5,84,89,9,5,10,59.33,36.0,33.33,Low,1.1
2022-07-15,5,2,54,56,5,3,6,37.33,20.0,20.0,Low,1.1
2022-07-16,6,3,108,111,11,6,12,74.0,44.0,40.0,Low,1.1
2022-07-17,5,3,90,93,9,5,10,62.0,36.0,33.33,Low,1.1
2022-07-18,6,5,73,78,8,4,9,52.0,32.0,26.67,Low,1.1
2022-07-19,7,5,87,92,9,5,10,61.33,36.0,33.33,Low,1.1
2022-07-20,4,3,63,66,7,4,7,44.0,28.0,26.67,Low,1.1
2022-07-21,6,5,105,110,11,6,12,73.33,44.0,40.0,Low,1.1
2022-07-22,6,4,63,67,7,4,7,44.67,28.0,26.67,Low,1.1
2022-07-23,5,3,112,115,11,6,12,76.67,44.0,40.0,Medium,1.1
2022-07-24,5,2,82,84,8,4,9,56.0,32.0,26.67,Low,1.1
2022-07-25,6,4,121,125,13,7,13,83.33,52.0,46.67,Medium,1.1
2022-07-26,5,4,107,111,11,6,12,74.0,44.0,40.0,Low,1.1
2022-07-27,5,4,115,119,12,7,13,79.33,48.0,46.67,Medium,1.1
2022-07-28,5,3,105,108,11,6,11,72.0,44.0,40.0,Low,1.1
2022-07-29,4,2,109,111,11,6,11,74.0,44.0,40.0,Low,1.1
2022-07-30,6,5,72,77,8,4,9,51.33,32.0,26.67,Low,1.1
2022-07-31,5,2,73,75,7,4,8,50.0,28.0,26.67,Low,1.1
2022-08-01,5,4,64,68,7,4,8,45.33,28.0,26.67,Low,1.1
2022-08-02,6,2,107,109,11,6,11,72.67,44.0,40.0,Low,1.1
2022-08-03,5,3,68,71,7,4,8,47.33,28.0,26.67,Low,1.1
2022-08-04,5,2,60,62,6,3,6,41.33,24.0,20.0,Low,1.1
2022-08-05,5,4,88,92,9,5,10,61.33,36.0,33.33,Low,1.1
2022-08-06,6,3,80,83,8,4,9,55.33,32.0,26.67,Low,1.1
2022-08-07,6,5,118,123,13,7,13,82.0,52.0,46.67,Medium,1.1
2022-08-08,4,2,110,112,11,6,11,74.67,44.0,40.0,Low,1.1
2022-08-09,4,3,69,72,7,4,8,48.0,28.0,26.67,Low,1.1
2022-08-10,4,3,71,74,7,4,8,49.33,28.0,26.67,Low,1.1
2022-08-11,5,2,122,124,12,7,13,82.67,48.0,46.67,Medium,1.1
2022-08-12,4,2,74,76,7,4,8,50.67,28.0,26.67,Low,1.1
2022-08-13,4,1,88,89,9,5,9,59.33,36.0,33.33,Low,1.1
2022-08-14,5,2,73,75,7,4,8,50.0,28.0,26.67,Low,1.1
2022-08-15,5,2,121,123,12,7,12,82.0,48.0,46.67,Medium,1.1
2022-08-16,5,2,79,81,8,4,8,54.0,32.0,26.67,Low,1.1
2022-08-17,3,2,110,112,11,6,11,74.67,44.0,40.0,Low,1.1
2022-08-18,5,2,124,126,12,7,13,84.0,48.0,46.67,Medium,1.1
2022-08-19,5,3,81,84,8,4,9,56.0,32.0,26.67,Low,1.1
2022-08-20,4,3,114,117,12,7,12,78.0,48.0,46.67,Medium,1.1
2022-08-21,5,2,120,122,12,7,12,81.33,48.0,46.67,Medium,1.1
2022-08-22,5,3,107,110,11,6,11,73.33,44.0,40.0,Low,1.1
2022-08-23,4,3,119,122,12,7,13,81.33,48.0,46.67,Medium,1.1
2022-08-24,4,1,118,119,12,7,12,79.33,48.0,46.67,Medium,1.1
2022-08-25,4,3,99,102,10,6,11,68.0,40.0,40.0,Low,1.1
2022-08-26,4,3,71,74,7,4,8,49.33,28.0,26.67,Low,1.1
2022-08-27,4,3,78,81,8,4,9,54.0,32.0,26.67,Low,1.1
2022-08-28,4,3,123,126,13,7,13,84.0,52.0,46.67,Medium,1.1
2022-08-29,4,1,120,121,12,7,12,80.67,48.0,46.67,Medium,1.1
2022-08-30,4,1,77,78,7,4,8,52.0,28.0,26.67,Low,1.1
2022-08-31,4,2,114,116,11,6,12,77.33,44.0,40.0,Medium,1.1
2022-09-01,5,4,110,114,12,7,12,76.0,48.0,46.67,Medium,1.1
2022-09-02,4,3,67,70,7,4,7,46.67,28.0,26.67,Low,1.1
2022-09-03,4,1,108,109,11,6,11,72.67,44.0,40.0,Low,1.1
2022-09-04,4,3,104,107,11,6,11,71.33,44.0,40.0,Low,1.1
2022-09-05,3,1,75,76,7,4,7,50.67,28.0,26.67,Low,1.1
2022-09-06,3,2,101,103,10,6,10,68.67,40.0,40.0,Low,1.1
2022-09-07,5,4,79,83,8,4,9,55.33,32.0,26.67,Low,1.1
2022-09-08,4,1,92,93,9,5,9,62.0,36.0,33.33,Low,1.1
2022-09-09,3,1,83,84,8,4,8,56.0,32.0,26.67,Low,1.1
2022-09-10,3,2,70,72,7,4,7,48.0,28.0,26.67,Low,1.1
2022-09-11,4,2,77,79,8,4,8,52.67,32.0,26.67,Low,1.1
2022-09-12,4,3,73,76,8,4,8,50.67,32.0,26.67,Low,1.1
2022-09-13,3,2,111,113,11,6,11,75.33,44.0,40.0,Medium,1.1
2022-09-14,4,1,114,115,11,6,11,76.67,44.0,40.0,Medium,1.1
2022-09-15,4,2,122,124,12,7,13,82.67,48.0,46.67,Medium,1.1
2022-09-16,3,2,62,64,6,3,7,42.67,24.0,20.0,Low,1.1
2022-09-17,3,1,109,110,11,6,11,73.33,44.0,40.0,Low,1.1
2022-09-18,3,2,56,58,6,3,6,38.67,24.0,20.0,Low,1.1
2022-09-19,4,2,83,85,8,4,9,56.67,32.0,26.67,Low,1.1
2022-09-20,3,2,75,77,8,4,8,51.33,32.0,26.67,Low,1.1
2022-09-21,4,3,73,76,8,4,8,50.67,32.0,26.67,Low,1.1
2022-09-22,3,1,116,117,11,6,12,78.0,44.0,40.0,Medium,1.1
2022-09-23,3,2,114,116,11,6,12,77.33,44.0,40.0,Medium,1.1
2022-09-24,4,1,92,93,9,5,9,62.0,36.0,33.33,Low,1.1
2022-09-25,4,2,114,116,11,6,12,77.33,44.0,40.0,Medium,1.1
2022-09-26,3,2,70,72,7,4,7,48.0,28.0,26.67,Low,1.1
2022-09-27,3,1,85,86,8,4,8,57.33,32.0,26.67,Low,1.1
2022-09-28,3,2,124,126,12,7,13,84.0,48.0,46.67,Medium,1.1
2022-09-29,3,2,75,77,8,4,8,51.33,32.0,26.67,Low,1.1
2022-09-30,3,2,95,97,10,6,10,64.67,40.0,40.0,Low,1.1
2022-10-01,3,1,59,60,6,3,6,40.0,24.0,20.0,Low,1.1
2022-10-02,4,3,105,108,11,6,11,72.0,44.0,40.0,Low,1.1
2022-10-03,3,1,64,65,6,3,6,43.33,24.0,20.0,Low,1.1
2022-10-04,3,2,120,122,12,7,12,81.33,48.0,46.67,Medium,1.1
2022-10-05,4,2,88,90,9,5,9,60.0,36.0,33.33,Low,1.1
2022-10-06,4,2,123,125,12,7,13,83.33,48.0,46.67,Medium,1.1
2022-10-07,4,3,65,68,7,4,7,45.33,28.0,26.67,Low,1.1
2022-10-08,4,3,92,95,9,5,10,63.33,36.0,33.33,Low,1.1
2022-10-09,3,2,63,65,6,3,7,43.33,24.0,20.0,Low,1.1
2022-10-10,4,2,56,58,6,3,6,38.67,24.0,20.0,Low,1.1
2022-10-11,4,3,66,69,7,4,7,46.0,28.0,26.67,Low,1.1
2022-10-12,4,3,77,80,8,4,8,53.33,32.0,26.67,Low,1.1
2022-10-13,4,2,79,81,8,4,8,54.0,32.0,26.67,Low,1.1
2022-10-14,4,3,87,90,9,5,9,60.0,36.0,33.33,Low,1.1
2022-10-15,3,2,108,110,11,6,11,73.33,44.0,40.0,Low,1.1
2022-10-16,3,2,85,87,9,5,9,58.0,36.0,33.33,Low,1.1
2022-10-17,4,2,86,88,9,5,9,58.67,36.0,33.33,Low,1.1
2022-10-18,4,3,92,95,9,5,10,63.33,36.0,33.33,Low,1.1
2022-10-19,4,2,110,112,11,6,11,74.67,44.0,40.0,Low,1.1
2022-10-20,4,2,84,86,8,4,9,57.33,32.0,26.67,Low,1.1
2022-10-21,4,3,95,98,10,6,10,65.33,40.0,40.0,Low,1.1
2022-10-22,4,3,69,72,7,4,8,48.0,28.0,26.67,Low,1.1
2022-10-23,3,1,68,69,7,4,7,46.0,28.0,26.67,Low,1.1
2022-10-24,4,3,61,64,6,3,7,42.67,24.0,20.0,Low,1.1
2022-10-25,4,2,95,97,10,6,10,64.67,40.0,40.0,Low,1.1
2022-10-26,4,3,87,90,9,5,9,60.0,36.0,33.33,Low,1.1
2022-10-27,3,1,98,99,10,6,10,66.0,40.0,40.0,Low,1.1
2022-10-28,4,3,58,61,6,3,7,40.67,24.0,20.0,Low,1.1
2022-10-29,3,1,67,68,6,3,7,45.33,24.0,20.0,Low,1.1
2022-10-30,4,2,104,106,10,6,11,70.67,40.0,40.0,Low,1.1
2022-10-31,5,4,99,103,10,6,11,68.67,40.0,40.0,Low,1.1
2022-11-01,4,2,125,127,13,7,13,84.67,52.0,46.67,Medium,1.1
2022-11-02,4,3,77,80,8,4,8,53.33,32.0,26.67,Low,1.1
2022-11-03,4,2,60,62,6,3,6,41.33,24.0,20.0,Low,1.1
2022-11-04,4,2,114,116,11,6,12,77.33,44.0,40.0,Medium,1.1
2022-11-05,4,2,80,82,8,4,8,54.67,32.0,26.67,Low,1.1
2022-11-06,5,4,76,80,8,4,9,53.33,32.0,26.67,Low,1.1
2022-11-07,4,3,88,91,9,5,10,60.67,36.0,33.33,Low,1.1
2022-11-08,3,2,70,72,7,4,7,48.0,28.0,26.67,Low,1.1
2022-11-09,5,4,61,65,7,4,7,43.33,28.0,26.67,Low,1.1
2022-11-10,4,2,115,117,12,7,12,78.0,48.0,46.67,Medium,1.1
2022-11-11,5,2,109,111,11,6,11,74.0,44.0,40.0,Low,1.1
2022-11-12,5,3,67,70,7,4,7,46.67,28.0,26.67,Low,1.1
2022-11-13,5,4,84,88,9,5,10,58.67,36.0,33.33,Low,1.1
2022-11-14,5,2,77,79,8,4,8,52.67,32.0,26.67,Low,1.1
2022-11-15,5,3,77,80,8,4,8,53.33,32.0,26.67,Low,1.1
2022-11-16,4,2,90,92,9,5,9,61.33,36.0,33.33,Low,1.1
2022-11-17,5,4,96,100,10,6,11,66.67,40.0,40.0,Low,1.1
2022-11-18,4,3,73,76,8,4,8,50.67,32.0,26.67,Low,1.1
2022-11-19,4,1,82,83,8,4,8,55.33,32.0,26.67,Low,1.1
2022-11-20,5,2,82,84,8,4,9,56.0,32.0,26.67,Low,1.1
2022-11-21,4,3,70,73,7,4,8,48.67,28.0,26.67,Low,1.1
2022-11-22,5,3,59,62,6,3,7,41.33,24.0,20.0,Low,1.1
2022-11-23,4,2,64,66,6,3,7,44.0,24.0,20.0,Low,1.1
2022-11-24,5,2,90,92,9,5,9,61.33,36.0,33.33,Low,1.1
2022-11-25,5,4,123,127,13,7,13,84.67,52.0,46.67,Medium,1.1
2022-11-26,4,2,79,81,8,4,8,54.0,32.0,26.67,Low,1.1
2022-11-27,6,2,75,77,8,4,8,51.33,32.0,26.67,Low,1.1
2022-11-28,4,3,115,118,12,7,12,78.67,48.0,46.67,Medium,1.1
2022-11-29,6,4,105,109,11,6,12,72.67,44.0,40.0,Low,1.1
2022-11-30,4,2,96,98,10,6,10,65.33,40.0,40.0,Low,1.1
2022-12-01,5,3,55,58,6,3,6,38.67,24.0,20.0,Low,1.1
2022-12-02,6,5,90,95,10,6,11,63.33,40.0,40.0,Low,1.1
2022-12-03,5,2,97,99,10,6,10,66.0,40.0,40.0,Low,1.1
2022-12-04,4,3,105,108,11,6,11,72.0,44.0,40.0,Low,1.1
2022-12-05,5,3,101,104,10,6,11,69.33,40.0,40.0,Low,1.1
2022-12-06,6,2,62,64,6,3,7,42.67,24.0,20.0,Low,1.1
2022-12-07,5,3,90,93,9,5,10,62.0,36.0,33.33,Low,1.1
2022-12-08,5,3,103,106,11,6,11,70.67,44.0,40.0,Low,1.1
2022-12-09,6,4,124,128,13,7,14,85.33,52.0,46.67,Medium,1.1
2022-12-10,6,5,123,128,13,7,14,85.33,52.0,46.67,Medium,1.1
2022-12-11,6,5,56,61,6,3,7,40.67,24.0,20.0,Low,1.1
2022-12-12,5,3,89,92,9,5,10,61.33,36.0,33.33,Low,1.1
2022-12-13,5,3,68,71,7,4,8,47.33,28.0,26.67,Low,1.1
2022-12-14,6,5,122,127,13,7,14,84.67,52.0,46.67,Medium,1.1
2022-12-15,5,3,65,68,7,4,7,45.33,28.0,26.67,Low,1.1
2022-12-16,6,5,68,73,8,4,8,48.67,32.0,26.67,Low,1.1
2022-12-17,6,2,67,69,7,4,7,46.0,28.0,26.67,Low,1.1
2022-12-18,5,4,94,98,10,6,11,65.33,40.0,40.0,Low,1.1
2022-12-19,7,5,88,93,10,6,10,62.0,40.0,40.0,Low,1.1
2022-12-20,6,3,69,72,7,4,8,48.0,28.0,26.67,Low,1.1
2022-12-21,5,3,92,95,9,5,10,63.33,36.0,33.33,Low,1.1
2022-12-22,5,2,85,87,9,5,9,58.0,36.0,33.33,Low,1.1
2022-12-23,5,2,119,121,12,7,12,80.67,48.0,46.67,Medium,1.1
2022-12-24,6,5,92,97,10,6,11,64.67,40.0,40.0,Low,1.1
2022-12-25,5,2,84,86,8,4,9,57.33,32.0,26.67,Low,1.1
2022-12-26,6,3,100,103,10,6,11,68.67,40.0,40.0,Low,1.1
2022-12-27,7,5,121,126,13,7,14,84.0,52.0,46.67,Medium,1.1
2022-12-28,7,4,95,99,10,6,11,66.0,40.0,40.0,Low,1.1
2022-12-29,6,5,111,116,12,7,13,77.33,48.0,46.67,Medium,1.1
2022-12-30,5,4,61,65,7,4,7,43.33,28.0,26.67,Low,1.1
2022-12-31,7,5,79,84,9,5,9,56.0,36.0,33.33,Low,1.1
